Weight,Transport_Mode,Fare,Origin_Location,Origin_pincode,Destination_Location,Destination_pincode,Distance
1,Air,106,Mumbai,400001,Pune,411001,150
1,Surface,71,Mumbai,400001,Pune,411001,150
5,Air,416,Mumbai,400001,Nagpur,440001,838
5,Surface,223,Mumbai,400001,Nagpur,440001,838
4,Air,453,Mumbai,400001,Bhopal,462001,776
4,Surface,289,Mumbai,400001,Bhopal,462001,776
2,Air,253,Mumbai,400001,Indore,452001,585
2,Surface,164,Mumbai,400001,Indore,452001,585
3,Air,299,Mumbai,400001,Kolkata,700001,1967
3,Surface,204,Mumbai,400001,Kolkata,700001,1967
2,Air,253,Mumbai,400001,Varanasi,221001,1425
2,Surface,164,Mumbai,400001,Varanasi,221001,1425
4,Air,453,Mumbai,400001,Dehradun,248001,1574
4,Surface,298,Mumbai,400001,Dehradun,248001,1574
4,Air,453,Mumbai,400001,Gairsain,246421,1745
4,Surface,298,Mumbai,400001,Gairsain,246421,1745
3,Air,353,Mumbai,400001,Visakhapatnam,530001,1280
3,Surface,229,Mumbai,400001,Visakhapatnam,530001,1280
2,Air,273,Mumbai,400001,Itanagar,791111,3039
2,Surface,202,Mumbai,400001,Itanagar,791111,3039
1,Air,165,Mumbai,400001,Dispur,781005,2676
1,Surface,106,Mumbai,400001,Dispur,781005,2676
1,Air,151,Mumbai,400001,Patna,800001,1681
1,Surface,96,Mumbai,400001,Patna,800001,1681
5,Air,587,Mumbai,400001,Raipur,492001,1094
5,Surface,272,Mumbai,400001,Raipur,492001,1094
5,Air,587,Mumbai,400001,Panaji,403001,579
5,Surface,289,Mumbai,400001,Panaji,403001,579
12,Air,1627,Mumbai,400001,Gandhinagar,382010,525
12,Surface,499,Mumbai,400001,Gandhinagar,382010,525
15,Air,1170,Mumbai,400001,Ahmedabad,380001,525
15,Surface,626,Mumbai,400001,Ahmedabad,380001,525
7,Air,900,Mumbai,400001,Chandigarh,160017,1419
7,Surface,357,Mumbai,400001,Chandigarh,160017,1419
9,Air,1519,Mumbai,400001,Shimla,171001,1674
9,Surface,425,Mumbai,400001,Shimla,171001,1674
11,Air,1495,Mumbai,400001,Ranchi,834001,1747
11,Surface,432,Mumbai,400001,Ranchi,834001,1747
11.5,Air,1400,Mumbai,400001,Bengaluru,560001,984
11.5,Surface,450,Mumbai,400001,Bengaluru,560001,984
9.5,Air,1601,Mumbai,400001,Thiruvananthapuram,695001,1376
9.5,Surface,425,Mumbai,400001,Thiruvananthapuram,695001,1376
8,Air,1355,Mumbai,400001,Kozhikode,673001,1346
8,Surface,425,Mumbai,400001,Kozhikode,673001,1346
7,Air,900,Mumbai,400001,Bhubaneswar,751001,1697
7,Surface,357,Mumbai,400001,Bhubaneswar,751001,1697
6,Air,784,Mumbai,400001,Jaipur,302001,1149
6,Surface,314,Mumbai,400001,Jaipur,302001,1149
5,Air,587,Mumbai,400001,Kota,324001,1007
5,Surface,272,Mumbai,400001,Kota,324001,1007
4,Air,489,Mumbai,400001,Gangtok,737101,2466
4,Surface,321,Mumbai,400001,Gangtok,737101,2466
3,Air,299,Mumbai,400001,Chennai,600001,1338
3,Surface,207,Mumbai,400001,Chennai,600001,1338
2,Air,253,Mumbai,400001,Coimbatore,641001,1439
2,Surface,164,Mumbai,400001,Coimbatore,641001,1439
1,Air,151,Mumbai,400001,Hyderabad,500001,712
1,Surface,96,Mumbai,400001,Hyderabad,500001,712
1,Air,165,Mumbai,400001,Agartala,799001,3279
1,Surface,114,Mumbai,400001,Agartala,799001,3279
2,Air,253,Mumbai,400001,Lucknow,226001,1253
2,Surface,164,Mumbai,400001,Lucknow,226001,1253
3,Air,353,Mumbai,400001,Kanpur,208001,1187
3,Surface,229,Mumbai,400001,Kanpur,208001,1187
4,Air,453,Mumbai,400001,Varanasi,221001,1425
4,Surface,272,Mumbai,400001,Varanasi,221001,1425
4.5,Air,533,Mumbai,400001,Dehradun,248001,1574
4.5,Surface,332,Mumbai,400001,Dehradun,248001,1574
5.5,Air,769,Mumbai,400001,Gairsain,246421,1745
5.5,Surface,404,Mumbai,400001,Gairsain,246421,1745
7.2,Air,928,Mumbai,400001,Kolkata,700001,1967
3.5,Surface,234,Mumbai,400001,Kolkata,700001,1967
2.3,Air,258,Mumbai,400001,New Delhi,110001,1421
2.5,Surface,175,Mumbai,400001,New Delhi,110001,1421
5,Air,587,Amaravati,431001,Visakhapatnam,530001,1280
5,Surface,285,Amaravati,431001,Visakhapatnam,530001,1280
6,Air,1034,Amaravati,431001,Itanagar,791111,3039
6,Surface,429,Amaravati,431001,Itanagar,791111,3039
7,Air,1085,Amaravati,431001,Dispur,781005,2676
7,Surface,429,Amaravati,431001,Dispur,781005,2676
8,Air,1106,Amaravati,431001,Patna,800001,1681
8,Surface,383,Amaravati,431001,Patna,800001,1681
9,Air,1313,Amaravati,431001,Raipur,492001,1094
9,Surface,456,Amaravati,431001,Raipur,492001,1094
10,Air,1445,Amaravati,431001,Panaji,403001,579
10,Surface,450,Amaravati,431001,Panaji,403001,579
20,Air,2765,Amaravati,431001,Gandhinagar,382010,525
20,Surface,763,Amaravati,431001,Gandhinagar,382010,525
20,Air,2765,Amaravati,431001,Ahmedabad,380001,525
20,Surface,823,Amaravati,431001,Ahmedabad,380001,525
5,Air,587,Amaravati,431001,Chandigarh,160017,1419
5,Surface,270,Amaravati,431001,Chandigarh,160017,1419
4,Air,489,Amaravati,431001,Shimla,171001,1674
4,Surface,312,Amaravati,431001,Shimla,171001,1674
3,Air,353,Amaravati,431001,Ranchi,834001,1747
3,Surface,243,Amaravati,431001,Ranchi,834001,1747
2,Air,263,Amaravati,431001,Bengaluru,560001,984
2,Surface,183,Amaravati,431001,Bengaluru,560001,984
8,Air,1375,Amaravati,431001,Thiruvananthapuram,695001,1376
8,Surface,438,Amaravati,431001,Kozhikode,673001,1346
8,Air,1119,Amaravati,431001,Bhopal,462001,776
8,Surface,411,Amaravati,431001,Bhopal,462001,776
4,Air,463,Amaravati,431001,Indore,452001,585
4,Surface,270,Amaravati,431001,Indore,452001,585
13,Air,1060,Amaravati,431001,Mumbai,400001,778
13,Surface,440,Amaravati,431001,Mumbai,400001,778
14,Air,1135,Amaravati,431001,Pune,411001,720
14,Surface,405,Amaravati,431001,Pune,411001,720
1,Air,154,Amaravati,431001,Nagpur,440001,838
1,Surface,98,Amaravati,431001,Nagpur,440001,838
3,Air,1345,Amaravati,431001,Imphal,795001,2909
3,Surface,594,Amaravati,431001,Imphal,795001,2909
4,Air,489,Amaravati,431001,Shillong,793001,2562
4,Surface,321,Amaravati,431001,Shillong,793001,2562
5,Air,791,Amaravati,431001,Aizawl,796001,2943
5,Surface,390,Amaravati,431001,Aizawl,796001,2943
6,Air,938,Amaravati,431001,Kohima,797001,2765
6,Surface,382,Amaravati,431001,Kohima,797001,2765
7,Air,900,Amaravati,431001,Bhubaneswar,751001,1303
7,Surface,345,Amaravati,431001,Bhubaneswar,751001,1303
8,Air,1099,Amaravati,431001,Jaipur,302001,1144
8,Surface,383,Amaravati,431001,Jaipur,302001,1144
9,Air,1231,Amaravati,431001,Kota,324001,1002
9,Surface,398,Amaravati,431001,Kota,324001,1002
10,Air,1683,Amaravati,431001,Gangtok,737101,2466
10,Surface,532,Amaravati,431001,Gangtok,737101,2466
11,Air,1495,Amaravati,431001,Chennai,600001,1187
11,Surface,432,Amaravati,431001,Chennai,600001,1187
12,Air,1627,Amaravati,431001,Chennai,600001,1800
12,Surface,467,Amaravati,431001,Chennai,600001,1800
13,Air,1759,Amaravati,431001,Coimbatore,641001,1500
13,Surface,498,Amaravati,431001,Coimbatore,641001,1500
14,Air,1891,Amaravati,431001,Hyderabad,500001,1000
14,Surface,670,Amaravati,431001,Hyderabad,500001,1000
15,Air,2503,Amaravati,431001,Agartala,799001,2800
15,Surface,961,Amaravati,431001,Agartala,799001,2800
5,Air,587,Amaravati,431001,Lucknow,226001,1400
5,Surface,270,Amaravati,431001,Lucknow,226001,1400
6,Air,835,Amaravati,431001,Kanpur,208001,1300
6,Surface,308,Amaravati,431001,Kanpur,208001,1300
7,Air,900,Amaravati,431001,Varanasi,221001,1200
7,Surface,345,Amaravati,431001,Varanasi,221001,1200
8,Air,1099,Amaravati,431001,Dehradun,248001,1800
8,Surface,383,Amaravati,431001,Dehradun,248001,1800
9,Air,1231,Amaravati,431001,Gairsain,246401,1900
9,Surface,414,Amaravati,431001,Gairsain,246401,1900
10,Air,1363,Visakhapatnam,530001,Amaravati,431001,1280
10,Surface,398,Visakhapatnam,530001,Amaravati,431001,1280
1,Air,165,Visakhapatnam,530001,Itanagar,791111,3039
1,Surface,114,Visakhapatnam,530001,Itanagar,791111,3039
2,Air,273,Visakhapatnam,530001,Dispur,781005,2676
2,Surface,202,Visakhapatnam,530001,Dispur,781005,2676
3,Air,353,Visakhapatnam,530001,Patna,800001,1681
3,Surface,232,Visakhapatnam,530001,Patna,800001,1681
4,Air,453,Visakhapatnam,530001,Raipur,492001,1094
4,Surface,272,Visakhapatnam,530001,Raipur,492001,1094
5,Air,587,Visakhapatnam,530001,Panaji,403001,579
5,Surface,289,Visakhapatnam,530001,Panaji,403001,579
6,Air,784,Visakhapatnam,530001,Gandhinagar,382010,525
6,Surface,314,Visakhapatnam,530001,Gandhinagar,382010,525
7,Air,967,Visakhapatnam,530001,Ahmedabad,380001,525
7,Surface,357,Visakhapatnam,530001,Ahmedabad,380001,525
8,Air,1099,Visakhapatnam,530001,Chandigarh,160017,1419
8,Surface,398,Visakhapatnam,530001,Chandigarh,160017,1419
9,Air,1519,Visakhapatnam,530001,Shimla,171001,1674
9,Surface,425,Visakhapatnam,530001,Shimla,171001,1674
10,Air,1363,Visakhapatnam,530001,Ranchi,834001,1747
10,Surface,398,Visakhapatnam,530001,Ranchi,834001,1747
11,Air,1495,Visakhapatnam,530001,Bengaluru,560001,984
11,Surface,539,Visakhapatnam,530001,Bengaluru,560001,984
12,Air,2011,Visakhapatnam,530001,Thiruvananthapuram,695001,1376
12,Surface,501,Visakhapatnam,530001,Thiruvananthapuram,695001,1376
13,Air,2175,Visakhapatnam,530001,Kozhikode,673001,1346
13,Surface,539,Visakhapatnam,530001,Kozhikode,673001,1346
14,Air,1891,Visakhapatnam,530001,Bhopal,462001,776
14,Surface,760,Visakhapatnam,530001,Bhopal,462001,776
15,Air,2023,Visakhapatnam,530001,Indore,452001,585
15,Surface,626,Visakhapatnam,530001,Indore,452001,585
5,Air,668,Visakhapatnam,530001,Mumbai,400001,778
5,Surface,353,Visakhapatnam,530001,Mumbai,400001,778
4,Air,453,Visakhapatnam,530001,Pune,411001,720
4,Surface,289,Visakhapatnam,530001,Pune,411001,720
3,Air,353,Visakhapatnam,530001,Nagpur,440001,838
3,Surface,229,Visakhapatnam,530001,Nagpur,440001,838
2,Air,865,Visakhapatnam,530001,Imphal,795001,2909
2,Surface,368,Visakhapatnam,530001,Imphal,795001,2909
1,Air,165,Visakhapatnam,530001,Shillong,793001,2562
1,Surface,114,Visakhapatnam,530001,Shillong,793001,2562
7,Air,1085,Visakhapatnam,530001,Aizawl,796001,2943
7,Surface,506,Visakhapatnam,530001,Aizawl,796001,2943
8,air,1355,Visakhapatnam,530001,Kohima,797001,2765
8,Surface,471,Visakhapatnam,530001,Kohima,797001,2765
9,Air,1447,Visakhapatnam,530001,Bhubaneswar,751001,1303
9,Surface,496,Visakhapatnam,530001,Bhubaneswar,751001,1303
3,Air,1231,Visakhapatnam,530001,Jaipur,302001,1144
3,Surface,536,Visakhapatnam,530001,Jaipur,302001,1144
4,Air,478,Visakhapatnam,530001,Kota,324001,1002
4,Surface,298,Visakhapatnam,530001,Kota,324001,1002
5,Air,801,Visakhapatnam,530001,Gangtok,737101,2466
5,Surface,390,Visakhapatnam,530001,Gangtok,737101,2466
5,Air,863,Dispur,781005,Amaravati,522020,2000
5,Surface,321,Dispur,781005,Amaravati,522020,2000
22,Air,3651,Dispur,781005,Visakhapatnam,530001,1100
22,Surface,877,Dispur,781005,Visakhapatnam,530001,1100
10,Air,1683,Dispur,781005,Itanagar,791111,350
10,Surface,425,Dispur,781005,Itanagar,791111,350
12,Air,2011,Dispur,781005,Patna,800001,1000
12,Surface,502,Dispur,781005,Patna,800001,1000
8,Air,1355,Dispur,781005,Raipur,492001,1100
8,Surface,425,Dispur,781005,Raipur,492001,1100
6,Air,938,Dispur,781005,Panaji,403001,2800
6,Surface,373,Dispur,781005,Panaji,403001,2800
15,Air,2503,Dispur,781005,Gandhinagar,382010,2200
15,Surface,603,Dispur,781005,Gandhinagar,382010,2200
5,Air,791,Dispur,781005,Ahmedabad,380001,2200
5,Surface,321,Dispur,781005,Ahmedabad,380001,2200
22,Air,3651,Dispur,781005,Chandigarh,160017,2000
22,Surface,836,Dispur,781005,Chandigarh,160017,2000
6,Air,938,Dispur,781005,Shimla,171001,2200
6,Surface,373,Dispur,781005,Shimla,171001,2200
10,Air,1683,Dispur,781005,Ranchi,834001,1000
10,Surface,425,Dispur,781005,Ranchi,834001,1000
14,Air,2339,Dispur,781005,Bengaluru,560001,2500
14,Surface,569,Dispur,781005,Bengaluru,560001,2500
9,Air,1519,Dispur,781005,Thiruvananthapuram,695001,3000
9,Surface,425,Dispur,781005,Thiruvananthapuram,695001,3000
6,Air,938,Dispur,781005,Kozhikode,673001,2900
6,Surface,378,Dispur,781005,Kozhikode,673001,2900
18,Air,2995,Dispur,781005,Bhopal,462001,1800
18,Surface,804,Dispur,781005,Bhopal,462001,1800
14,Air,2339,Dispur,781005,Indore,452001,1900
14,Surface,569,Dispur,781005,Indore,452001,1900
19,Air,3159,Dispur,781005,Mumbai,400001,2500
19,Surface,804,Dispur,781005,Mumbai,400001,2500
13,Air,2175,Dispur,781005,Pune,411001,2700
13,Surface,536,Dispur,781005,Pune,411001,2700
9,Air,1519,Dispur,781005,Nagpur,440001,1800
9,Surface,424,Dispur,781005,Nagpur,440001,1800
5,Air,801,Dispur,781005,Shillong,793001,100
5,Surface,321,Dispur,781005,Shillong,793001,100
13,Air,2175,Dispur,781005,Aizawl,796001,1200
13,Surface,848,Dispur,781005,Aizawl,796001,1200
11,Air,1847,Dispur,781005,Kohima,797001,300
11,Surface,592,Dispur,781005,Kohima,797001,300
16,Air,2667,Dispur,781005,Bhubaneswar,751001,1100
16,Surface,636,Dispur,781005,Bhubaneswar,751001,1100
17,Air,2831,Dispur,781005,Jaipur,302001,1800
17,Surface,669,Dispur,781005,Jaipur,302001,1800
20,Air,3323,Dispur,781005,Kota,324001,1900
20,Surface,770,Dispur,781005,Kota,324001,1900
10,Air,1683,Dispur,781005,Gangtok,737101,1200
10,Surface,532,Dispur,781005,Gangtok,737101,1200
18,Air,2995,Dispur,781005,Chennai,600001,2200
18,Surface,804,Dispur,781005,Chennai,600001,2200
12,Air,2011,Dispur,781005,Coimbatore,641001,2500
12,Surface,501,Dispur,781005,Coimbatore,641001,2500
8,Air,1355,Dispur,781005,Hyderabad,500001,2000
8,Surface,425,Dispur,781005,Hyderabad,500001,2000
4,Air,489,Dispur,781005,Agartala,799001,1500
4,Surface,376,Dispur,781005,Agartala,799001,1500
12,Air,2011,Dispur,781005,Lucknow,226001,1200
12,Surface,501,Dispur,781005,Lucknow,226001,1200
6,Air,1027,Dispur,781005,Kanpur,208001,1200
6,Surface,373,Dispur,781005,Kanpur,208001,1200
12,Air,2011,Dispur,781005,Varanasi,221001,1100
12,Surface,501,Dispur,781005,Varanasi,221001,1100
5,Air,791,Dispur,781005,Dehradun,248001,1800
5,Surface,329,Dispur,781005,Dehradun,248001,1800
9,Air,1519,Dispur,781005,Gairsain,246401,1900
9,Surface,516,Dispur,781005,Gairsain,246401,1900
13,Air,2175,Dispur,781005,Kolkata,700001,1000
13,Surface,536,Dispur,781005,Kolkata,700001,1000
15,Air,2503,Dispur,781005,New Delhi,110001,1600
15,Surface,603,Dispur,781005,New Delhi,110001,1600
20.3,Air,2749,Patna,800001,Amaravati,522020,1200
20.3,Surface,697,Patna,800001,Amaravati,522020,1200
18,Air,2419,Patna,800001,Visakhapatnam,530001,1400
18,Surface,668,Patna,800001,Visakhapatnam,530001,1400
4.6,Air,801,Patna,800001,Itanagar,791111,1000
4.6,Surface,390,Patna,800001,Itanagar,791111,1000
13,Air,2175,Patna,800001,Dispur,781005,1000
13,Surface,536,Patna,800001,Dispur,781005,1000
17.1,Air,2353,Patna,800001,Raipur,492001,1100
17.1,Surface,655,Patna,800001,Raipur,492001,1100
18,Air,2419,Patna,800001,Panaji,403001,2000
18,Surface,655,Patna,800001,Panaji,403001,2000
3.9,Air,453,Patna,800001,Gandhinagar,382010,1700
3.9,Surface,270,Patna,800001,Gandhinagar,382010,1700
20,Air,2683,Patna,800001,Ahmedabad,380001,1700
20,Surface,718,Patna,800001,Ahmedabad,380001,1700
12,Air,1627,Patna,800001,Chandigarh,160017,1400
12,Surface,467,Patna,800001,Chandigarh,160017,1400
14.2,Air,2421,Patna,800001,Shimla,171001,1500
14.2,Surface,603,Patna,800001,Shimla,171001,1500
16.9,Air,2287,Patna,800001,Ranchi,834001,300
16.9,Surface,624,Patna,800001,Ranchi,834001,300
15.7,Air,2155,Patna,800001,Bengaluru,560001,2000
15.7,Surface,592,Patna,800001,Bengaluru,560001,2000
9.2,Air,1601,Patna,800001,Thiruvananthapuram,695001,2800
9.2,Surface,425,Patna,800001,Thiruvananthapuram,695001,2800
17,Air,2831,Patna,800001,Kozhikode,673001,2700
17,Surface,804,Patna,800001,Kozhikode,673001,2700
15.1,Air,2089,Patna,800001,Bhopal,462001,1000
15.1,Surface,668,Patna,800001,Bhopal,462001,1000
15,Air,2023,Patna,800001,Indore,452001,1100
15,Surface,561,Patna,800001,Indore,452001,1100
17,Air,2287,Patna,800001,Mumbai,400001,1800
17,Surface,668,Patna,800001,Mumbai,400001,1800
11.5,Air,1561,Patna,800001,Pune,411001,1800
11.5,Surface,467,Patna,800001,Pune,411001,1800
6.3,Air,842,Patna,800001,Nagpur,440001,1100
6.3,Surface,345,Patna,800001,Nagpur,440001,1100
11.5,Air,1929,Patna,800001,Shillong,793001,1500
11.5,Surface,501,Patna,800001,Shillong,793001,1500
19.7,Air,3323,Patna,800001,Aizawl,796001,2000
19.7,Surface,1242,Patna,800001,Aizawl,796001,2000
11.2,Air,1929,Patna,800001,Kohima,797001,1500
11.2,Surface,638,Patna,800001,Kohima,797001,1500
10,Air,1363,Patna,800001,Bhubaneswar,751001,900
10,Surface,398,Patna,800001,Bhubaneswar,751001,900
14,Air,1891,Patna,800001,Jaipur,302001,1100
14,Surface,530,Patna,800001,Jaipur,302001,1100
16.3,Air,2221,Patna,800001,Kota,324001,1200
16.3,Surface,624,Patna,800001,Kota,324001,1200
8.4,Air,1437,Patna,800001,Gangtok,737101,1200
8.4,Surface,532,Patna,800001,Gangtok,737101,1200
16.3,Air,2221,Patna,800001,Chennai,600001,1800
16.3,Surface,668,Patna,800001,Chennai,600001,1800
14,Air,1891,Patna,800001,Coimbatore,641001,2200
14,Surface,530,Patna,800001,Coimbatore,641001,2200
5,Air,587,Patna,800001,Hyderabad,500001,1400
5,Surface,289,Patna,800001,Hyderabad,500001,1400
18,Air,2995,Patna,800001,Agartala,799001,1800
18,Surface,804,Patna,800001,Agartala,799001,1800
12,Air,1627,Patna,800001,Lucknow,226001,500
12,Surface,467,Patna,800001,Lucknow,226001,500
19,Air,2551,Patna,800001,Varanasi,221001,250
19,Surface,668,Patna,800001,Varanasi,221001,250
15,Air,2023,Patna,800001,Dehradun,248001,1000
15,Surface,561,Patna,800001,Dehradun,248001,1000
5.5,Air,726,Patna,800001,Gairsain,246401,1100
5.5,Surface,314,Patna,800001,Gairsain,246401,1100
17.1,Air,2353,Patna,800001,Kolkata,700001,550
17.1,Surface,655,Patna,800001,Kolkata,700001,550
18,Air,2419,Patna,800001,New Delhi,110001,1000
18,Surface,655,Patna,800001,New Delhi,110001,1000
5,Air,587,Raipur,492001,Amaravati,522020,1200
5,Surface,272,Raipur,492001,Amaravati,522020,1200
20,Air,1302,Raipur,492001,Visakhapatnam,530001,800
20,Surface,359,Raipur,492001,Visakhapatnam,530001,800
30,Air,5338,Raipur,492001,Itanagar,791111,2000
30,Surface,1167,Raipur,492001,Itanagar,791111,2000
14,Air,2339,Raipur,492001,Dispur,781005,1100
14,Surface,569,Raipur,492001,Dispur,781005,1100
23,Air,3079,Raipur,492001,Patna,800001,1100
23,Surface,812,Raipur,492001,Patna,800001,1100
12,Air,1627,Raipur,492001,Panaji,403001,1800
12,Surface,467,Raipur,492001,Panaji,403001,1800
6,Air,784,Raipur,492001,Gandhinagar,382010,1100
6,Surface,308,Raipur,492001,Gandhinagar,382010,1100
8,Air,1099,Raipur,492001,Gandhinagar,382010,1100
8,Surface,383,Raipur,492001,Gandhinagar,382010,1100
22,Air,2947,Raipur,492001,Chandigarh,160017,1500
22,Surface,726,Raipur,492001,Chandigarh,160017,1500
17,Air,2831,Raipur,492001,Shimla,171001,1400
17,Surface,669,Raipur,492001,Shimla,171001,1400
10,Air,1363,Raipur,492001,Ranchi,834001,1000
10,Surface,398,Raipur,492001,Ranchi,834001,1000
24,Air,3211,Raipur,492001,Bengaluru,560001,1800
24,Surface,784,Raipur,492001,Bengaluru,560001,1800
27,Air,4808,Raipur,492001,Thiruvananthapuram,695001,2800
27,Surface,1058,Raipur,492001,Thiruvananthapuram,695001,2800
29,Air,5161,Raipur,492001,Kozhikode,673001,2700
29,Surface,1131,Raipur,492001,Kozhikode,673001,2700
27,Air,3748,Raipur,492001,Bhopal,462001,700
27,Surface,871,Raipur,492001,Bhopal,462001,700
22,Air,2947,Raipur,492001,Indore,452001,900
22,Surface,726,Raipur,492001,Indore,452001,900
28,Air,3886,Raipur,492001,Mumbai,400001,1200
28,Surface,900,Raipur,492001,Mumbai,400001,1200
15,Air,2023,Raipur,492001,Pune,411001,1200
15,Surface,561,Raipur,492001,Pune,411001,1200
17,Air,2287,Raipur,492001,Nagpur,440001,300
17,Surface,624,Raipur,492001,Nagpur,440001,300
26,Air,4632,Raipur,492001,Shillong,793001,2000
26,Surface,1022,Raipur,492001,Shillong,793001,2000
16,Air,2667,Raipur,492001,Aizawl,796001,2200
16,Surface,1017,Raipur,492001,Aizawl,796001,2200
8,Air,1355,Raipur,492001,Kohima,797001,2200
8,Surface,471,Raipur,492001,Kohima,797001,2200
9,Air,1231,Raipur,492001,Bhubaneswar,751001,1100
9,Surface,398,Raipur,492001,Bhubaneswar,751001,1100
24,Air,3211,Raipur,492001,Jaipur,302001,1100
24,Surface,784,Raipur,492001,Jaipur,302001,1100
3,Air,353,Raipur,492001,Kota,324001,1100
3,Surface,229,Raipur,492001,Kota,324001,1100
7,Air,1085,Raipur,492001,Gangtok,737101,1800
7,Surface,506,Raipur,492001,Gangtok,737101,1800
12,Air,1627,Raipur,492001,Chennai,600001,1500
12,Surface,467,Raipur,492001,Chennai,600001,1500
5,Air,587,Raipur,492001,Coimbatore,641001,2000
5,Surface,270,Raipur,492001,Coimbatore,641001,2000
4,Air,478,Raipur,492001,Hyderabad,500001,1000
4,Surface,298,Raipur,492001,Hyderabad,500001,1000
6,Air,938,Raipur,492001,Agartala,799001,2000
6,Surface,425,Raipur,492001,Agartala,799001,2000
3,Air,353,Raipur,492001,Lucknow,226001,900
3,Surface,229,Raipur,492001,Lucknow,226001,900
19,Air,2551,Raipur,492001,Kanpur,208001,900
19,Surface,668,Raipur,492001,Kanpur,208001,900
27,Air,3748,Raipur,492001,Varanasi,221001,800
27,Surface,871,Raipur,492001,Varanasi,221001,800
29,Air,4023,Raipur,492001,Dehradun,248001,1400
29,Surface,929,Raipur,492001,Dehradun,248001,1400
7,Air,900,Raipur,492001,Gairsain,246401,1500
7,Surface,357,Raipur,492001,Gairsain,246401,1500
6,Air,784,Raipur,492001,Kolkata,700001,1100
6,Surface,308,Raipur,492001,Kolkata,700001,1100
14,Air,1891,Raipur,492001,New Delhi,110001,1200
14,Surface,530,Raipur,492001,New Delhi,110001,1200
5,Air,703,Panaji,403001,Amaravati,522020,1164
4,Surface,272,Panaji,403001,Amaravati,522020,1164
5,Air,587,Panaji,403001,Visakhapatnam,530001,1185
4,Surface,272,Panaji,403001,Visakhapatnam,530001,1185
5,Air,801,Panaji,403001,Itanagar,791111,2923
4,Surface,376,Panaji,403001,Itanagar,791111,2923
5,Air,801,Panaji,403001,Dispur,781005,2226
4,Surface,312,Panaji,403001,Dispur,781005,2226
5,Air,587,Panaji,403001,Patna,800001,1743
4,Surface,270,Panaji,403001,Patna,800001,1743
5,Air,587,Panaji,403001,Raipur,492001,1197
4,Surface,270,Panaji,403001,Raipur,492001,1197
5,Air,587,Panaji,403001,Gandhinagar,382010,1163
4,Surface,270,Panaji,403001,Gandhinagar,382010,1163
5,Air,587,Panaji,403001,Ahmedabad,380001,1149
4,Surface,270,Panaji,403001,Ahmedabad,380001,1149
5,Air,587,Panaji,403001,Chandigarh,160017,1829
4,Surface,270,Panaji,403001,Chandigarh,160017,1829
5,Air,801,Panaji,403001,Shimla,171001,2024
4,Surface,312,Panaji,403001,Shimla,171001,2024
5,Air,587,Panaji,403001,Ranchi,834001,1700
4,Surface,270,Panaji,403001,Ranchi,834001,1700
5,Air,587,Panaji,403001,Bengaluru,560001,582
4,Surface,270,Panaji,403001,Bengaluru,560001,582
5,Air,801,Panaji,403001,Thiruvananthapuram,695001,776
4,Surface,312,Panaji,403001,Thiruvananthapuram,695001,776
5,Air,801,Panaji,403001,Kozhikode,673001,661
4,Surface,321,Panaji,403001,Kozhikode,673001,661
5,Air,587,Panaji,403001,Bhopal,462001,1098
4,Surface,289,Panaji,403001,Bhopal,462001,1098
5,Air,587,Panaji,403001,Indore,452001,1035
4,Surface,270,Panaji,403001,Indore,452001,1035
5,Air,587,Panaji,403001,Mumbai,400001,583
4,Surface,298,Panaji,403001,Mumbai,400001,583
5,Air,587,Panaji,403001,Pune,411001,423
4,Surface,270,Panaji,403001,Pune,411001,423
5,Air,703,Panaji,403001,Nagpur,440001,1231
4,Surface,272,Panaji,403001,Nagpur,440001,1231
5,Air,801,Panaji,403001,Shillong,793001,2761
4,Surface,321,Panaji,403001,Shillong,793001,2761
5,Air,801,Panaji,403001,Aizawl,796001,2904
4,Surface,376,Panaji,403001,Aizawl,796001,2904
5,Air,801,Panaji,403001,Kohima,797001,2676
4,Surface,338,Panaji,403001,Kohima,797001,2676
5,Air,587,Panaji,403001,Bhubaneswar,751001,1426
4,Surface,270,Panaji,403001,Bhubaneswar,751001,1426
5,Air,587,Panaji,403001,Jaipur,302001,1289
4,Surface,272,Panaji,403001,Jaipur,302001,1289
5,Air,703,Panaji,403001,Kota,324001,1325
4,Surface,276,Panaji,403001,Kota,324001,1325
5,Air,863,Panaji,403001,Gangtok,737101,2211
4,Surface,321,Panaji,403001,Gangtok,737101,2211
5,Air,587,Panaji,403001,Chennai,600001,790
4,Surface,293,Panaji,403001,Chennai,600001,790
5,Air,587,Panaji,403001,Hyderabad,500001,662
4,Surface,289,Panaji,403001,Hyderabad,500001,662
5,Air,801,Panaji,403001,Agartala,799001,3072
4,Surface,376,Panaji,403001,Agartala,799001,3072
5,Air,587,Panaji,403001,Lucknow,226001,1548
4,Surface,270,Panaji,403001,Lucknow,226001,1548
5,Air,587,Panaji,403001,Kanpur,208001,1473
4,Surface,272,Panaji,403001,Kanpur,208001,1473
5,Air,587,Panaji,403001,Varanasi,221001,1619
4,Surface,270,Panaji,403001,Varanasi,221001,1619
5,Air,587,Panaji,403001,Dehradun,248001,1842
4,Surface,270,Panaji,403001,Dehradun,248001,1842
5,Air,703,Panaji,403001,Gairsain,246001,1903
4,Surface,293,Panaji,403001,Gairsain,246001,1903
5,Air,587,Panaji,403001,Kolkata,700001,1493
4,Surface,276,Panaji,403001,Kolkata,700001,1493
5,Air,587,Panaji,403001,New Delhi,110001,1515
4,Surface,270,Panaji,403001,New Delhi,110001,1515
10,Air,1363,Gandhinagar,382010,Amaravati,522020,1164
10,Surface,398,Gandhinagar,382010,Amaravati,522020,1164
9,Air,1231,Gandhinagar,382010,Visakhapatnam,530001,1185
9,Surface,398,Gandhinagar,382010,Visakhapatnam,530001,1185
8,Air,1355,Gandhinagar,382010,Itanagar,791111,2923
8,Surface,425,Gandhinagar,382010,Itanagar,791111,2923
7,Air,1085,Gandhinagar,382010,Dispur,781005,2226
7,Surface,417,Gandhinagar,382010,Dispur,781005,2226
6,Air,784,Gandhinagar,382010,Patna,800001,1743
6,Surface,308,Gandhinagar,382010,Patna,800001,1743
5,Air,587,Gandhinagar,382010,Raipur,492001,1197
5,Surface,270,Gandhinagar,382010,Raipur,492001,1197
4,Air,453,Gandhinagar,382010,Panaji,403001,1163
4,Surface,270,Gandhinagar,382010,Panaji,403001,1163
3,Air,250,Gandhinagar,382010,Ahmedabad,380001,28
3,Surface,160,Gandhinagar,382010,Ahmedabad,380001,28
2,Air,253,Gandhinagar,382010,Chandigarh,160017,1151
2,Surface,164,Gandhinagar,382010,Chandigarh,160017,1151
1,Air,165,Gandhinagar,382010,Shimla,171001,1230
1,Surface,106,Gandhinagar,382010,Shimla,171001,1230
1,Air,151,Gandhinagar,382010,Ranchi,834001,1577
1,Surface,96,Gandhinagar,382010,Ranchi,834001,1577
1,Air,151,Gandhinagar,382010,Bengaluru,560001,1399
1,Surface,96,Gandhinagar,382010,Bengaluru,560001,1399
1,Air,165,Gandhinagar,382010,Thiruvananthapuram,695001,1843
1,Surface,106,Gandhinagar,382010,Thiruvananthapuram,695001,1843
1,Air,165,Gandhinagar,382010,Kozhikode,673001,1668
1,Surface,114,Gandhinagar,382010,Kozhikode,673001,1668
2,Air,253,Gandhinagar,382010,Bhopal,462001,586
2,Surface,164,Gandhinagar,382010,Bhopal,462001,586
2,Air,253,Gandhinagar,382010,Indore,452001,495
2,Surface,164,Gandhinagar,382010,Indore,452001,495
3,Air,353,Gandhinagar,382010,Mumbai,400001,545
3,Surface,232,Gandhinagar,382010,Mumbai,400001,545
3,Air,353,Gandhinagar,382010,Pune,411001,664
3,Surface,232,Gandhinagar,382010,Pune,411001,664
4,Air,453,Gandhinagar,382010,Nagpur,440001,823
4,Surface,270,Gandhinagar,382010,Nagpur,440001,823
6,Air,1027,Gandhinagar,382010,Shillong,793001,2769
6,Surface,378,Gandhinagar,382010,Shillong,793001,2769
7,Air,1085,Gandhinagar,382010,Aizawl,796001,2674
7,Surface,506,Gandhinagar,382010,Aizawl,796001,2674
8,Air,1355,Gandhinagar,382010,Kohima,797001,2596
8,Surface,471,Gandhinagar,382010,Kohima,797001,2596
9,Air,1231,Gandhinagar,382010,Bhubaneswar,751001,1573
9,Surface,398,Gandhinagar,382010,Bhubaneswar,751001,1573
10,Air,1363,Gandhinagar,382010,Jaipur,302001,677
10,Surface,398,Gandhinagar,382010,Jaipur,302001,677
11,Air,1495,Gandhinagar,382010,Kota,324001,782
11,Surface,432,Gandhinagar,382010,Kota,324001,782
12,Air,2011,Gandhinagar,382010,Gangtok,737101,1984
12,Surface,630,Gandhinagar,382010,Gangtok,737101,1984
13,Air,1759,Gandhinagar,382010,Chennai,600001,1749
13,Surface,501,Gandhinagar,382010,Chennai,600001,1749
14,Air,1891,Gandhinagar,382010,Coimbatore,641001,1497
14,Surface,530,Gandhinagar,382010,Coimbatore,641001,1497
15,Air,2023,Gandhinagar,382010,Hyderabad,500001,1175
15,Surface,714,Gandhinagar,382010,Hyderabad,500001,1175
20.5,Air,3045,Gandhinagar,382010,Agartala,799001,3074
21.5,Surface,877,Gandhinagar,382010,Agartala,799001,3074
1,Air,151,Gandhinagar,382010,Lucknow,226001,1004
1,Surface,96,Gandhinagar,382010,Lucknow,226001,1004
1,Air,151,Gandhinagar,382010,Kanpur,208001,925
1,Surface,96,Gandhinagar,382010,Kanpur,208001,925
1,Air,151,Gandhinagar,382010,Varanasi,221001,1077
1,Surface,96,Gandhinagar,382010,Varanasi,221001,1077
1,Air,151,Gandhinagar,382010,Dehradun,248001,1216
1,Surface,96,Gandhinagar,382010,Dehradun,248001,1216
25,Air,3343,Gandhinagar,382010,Gairsain,246001,1316
25,Surface,1269,Gandhinagar,382010,Gairsain,246001,1316
5.4,Air,726,Gandhinagar,382010,Kolkata,700001,1689
5.4,Surface,308,Gandhinagar,382010,Kolkata,700001,1689
4.6,Air,587,Gandhinagar,382010,New Delhi,110001,932
4.6,Surface,270,Gandhinagar,382010,New Delhi,110001,932
1,Air,153,New Delhi,110001,Amaravati,522020,1452
1,Surface,132,New Delhi,110001,Amaravati,522020,1452
2,Air,253,New Delhi,110001,Visakhapatnam,530001,1925
2,Surface,164,New Delhi,110001,Visakhapatnam,530001,1925
3,Air,381,New Delhi,110001,Itanagar,791111,1814
3,Surface,289,New Delhi,110001,Itanagar,791111,1814
4,Air,489,New Delhi,110001,Dispur,781005,1592
4,Surface,312,New Delhi,110001,Dispur,781005,1592
5,Air,587,New Delhi,110001,Patna,800001,1010
5,Surface,270,New Delhi,110001,Patna,800001,1010
6,Air,784,New Delhi,110001,Raipur,492001,1182
6,Surface,308,New Delhi,110001,Raipur,492001,1182
7,Air,900,New Delhi,110001,Panaji,403001,1832
7,Surface,345,New Delhi,110001,Panaji,403001,1832
8,Air,1293,New Delhi,110001,Gandhinagar,382010,932
8,Surface,414,New Delhi,110001,Gandhinagar,382010,932
9,Air,1231,New Delhi,110001,Ahmedabad,380001,932
9,Surface,414,New Delhi,110001,Ahmedabad,380001,932
10,Air,1363,New Delhi,110001,Chandigarh,160017,246
10,Surface,398,New Delhi,110001,Chandigarh,160017,246
9,Air,1519,New Delhi,110001,Shimla,171001,342
9,Surface,425,New Delhi,110001,Shimla,171001,342
8,Air,1777,New Delhi,110001,Ranchi,834001,1135
8,Surface,510,New Delhi,110001,Ranchi,834001,1135
7,Air,869,New Delhi,110001,Bengaluru,560001,1750
7,Surface,316,New Delhi,110001,Bengaluru,560001,1750
6,Air,1649,New Delhi,110001,Thiruvananthapuram,695001,2695
6,Surface,646,New Delhi,110001,Thiruvananthapuram,695001,2695
5,Air,791,New Delhi,110001,Kozhikode,673001,2400
5,Surface,321,New Delhi,110001,Kozhikode,673001,2400
4,Air,478,New Delhi,110001,Bhopal,462001,742
4,Surface,298,New Delhi,110001,Bhopal,462001,742
3,Air,369,New Delhi,110001,Indore,452001,810
3,Surface,232,New Delhi,110001,Indore,452001,810
2,Air,217,New Delhi,110001,Mumbai,400001,1415
2,Surface,145,New Delhi,110001,Mumbai,400001,1415
1,Air,151,New Delhi,110001,Pune,411001,1421
1,Surface,96,New Delhi,110001,Pune,411001,1421
2,Air,260,New Delhi,110001,Nagpur,440001,1074
2,Surface,165,New Delhi,110001,Nagpur,440001,1074
4,Air,489,New Delhi,110001,Shillong,793001,1892
4,Surface,321,New Delhi,110001,Shillong,793001,1892
5,Air,801,New Delhi,110001,Aizawl,796001,2303
5,Surface,464,New Delhi,110001,Aizawl,796001,2303
6,Air,938,New Delhi,110001,Kohima,797001,2047
6,Surface,382,New Delhi,110001,Kohima,797001,2047
7,Air,900,New Delhi,110001,Bhubaneswar,751001,1684
7,Surface,345,New Delhi,110001,Bhubaneswar,751001,1684
8,Air,1293,New Delhi,110001,Jaipur,302001,268
8,Surface,383,New Delhi,110001,Jaipur,302001,268
9,Air,1231,New Delhi,110001,Kota,324001,458
9,Surface,398,New Delhi,110001,Kota,324001,458
10,Air,2708,New Delhi,110001,Gangtok,737101,1405
10,Surface,1582,New Delhi,110001,Gangtok,737101,1405
1,Air,135,New Delhi,110001,Chennai,600001,2175
1,Surface,93,New Delhi,110001,Chennai,600001,2175
2,Air,253,New Delhi,110001,Coimbatore,641001,2350
2,Surface,164,New Delhi,110001,Coimbatore,641001,2350
3,Air,558,New Delhi,110001,Hyderabad,500001,1560
3,Surface,302,New Delhi,110001,Hyderabad,500001,1560
4,Air,699,New Delhi,110001,Agartala,799001,2480
4,Surface,390,New Delhi,110001,Agartala,799001,2480
5,Air,587,New Delhi,110001,Lucknow,226001,499
5,Surface,272,New Delhi,110001,Lucknow,226001,499
6,Air,835,New Delhi,110001,Kanpur,208001,478
6,Surface,308,New Delhi,110001,Kanpur,208001,478
7,Air,900,New Delhi,110001,Varanasi,221001,683
7,Surface,345,New Delhi,110001,Varanasi,221001,683
8,Air,1099,New Delhi,110001,Dehradun,248001,235
8,Surface,1152,New Delhi,110001,Dehradun,248001,235
9,Air,1231,New Delhi,110001,Gairsain,246455,276
9,Surface,562,New Delhi,110001,Gairsain,246455,276
10.2,Air,1917,New Delhi,110001,Kolkata,700001,1450
10.2,Surface,476,New Delhi,110001,Kolkata,700001,1450
3.3,Air,403,Ahmedabad,380001,Amaravati,522020,1164
3.3,Surface,272,Ahmedabad,380001,Amaravati,522020,1164
3.3,Air,403,Ahmedabad,380001,Visakhapatnam,530001,1675
3.3,Surface,261,Ahmedabad,380001,Visakhapatnam,530001,1675
3.3,Air,435,Ahmedabad,380001,Itanagar,791111,2923
3.3,Surface,333,Ahmedabad,380001,Itanagar,791111,2923
3.3,Air,435,Ahmedabad,380001,Dispur,781006,2236
3.3,Surface,333,Ahmedabad,380001,Dispur,781006,2236
3.3,Air,403,Ahmedabad,380001,Patna,800001,1743
3.3,Surface,267,Ahmedabad,380001,Patna,800001,1743
3.3,Air,403,Ahmedabad,380001,Raipur,492001,1119
3.3,Surface,267,Ahmedabad,380001,Raipur,492001,1119
5.5,Air,726,Ahmedabad,380001,Panaji,403001,1149
5.5,Surface,308,Ahmedabad,380001,Panaji,403001,1149
5.5,Air,542,Ahmedabad,380001,Gandhinagar,382010,28
5.5,Surface,247,Ahmedabad,380001,Gandhinagar,382010,28
5.5,Air,726,Ahmedabad,380001,Chandigarh,160017,1151
5.5,Surface,308,Ahmedabad,380001,Chandigarh,160017,1151
5.5,Air,864,Ahmedabad,380001,Shimla,171001,1230
5.5,Surface,373,Ahmedabad,380001,Shimla,171001,1230
5.5,Air,726,Ahmedabad,380001,Ranchi,834001,1577
5.5,Surface,308,Ahmedabad,380001,Ranchi,834001,1577
5.5,Air,769,Ahmedabad,380001,Bengaluru,560001,1399
5.5,Surface,308,Ahmedabad,380001,Bengaluru,560001,1399
5.5,Air,864,Ahmedabad,380001,Thiruvananthapuram,695001,1843
5.5,Surface,378,Ahmedabad,380001,Thiruvananthapuram,695001,1843
5.5,Air,864,Ahmedabad,380001,Kozhikode,673001,1668
5.5,Surface,378,Ahmedabad,380001,Kozhikode,673001,1668
17,Air,2287,Ahmedabad,380001,Bhopal,462001,586
17,Surface,668,Ahmedabad,380001,Bhopal,462001,586
17,Air,2287,Ahmedabad,380001,Indore,452001,495
17,Surface,624,Ahmedabad,380001,Indore,452001,495
17,Air,1322,Ahmedabad,380001,Mumbai,400001,545
17,Surface,668,Ahmedabad,380001,Mumbai,400001,545
17,Air,1322,Ahmedabad,380001,Pune,411001,664
17,Surface,624,Ahmedabad,380001,Pune,411001,664
21,Air,2815,Ahmedabad,380001,Nagpur,440001,823
21,Surface,697,Ahmedabad,380001,Nagpur,440001,823
21,Air,3487,Ahmedabad,380001,Shillong,793001,2769
21,Surface,841,Ahmedabad,380001,Shillong,793001,2769
21,Air,3487,Ahmedabad,380001,Aizawl,796001,2674
21,Surface,1298,Ahmedabad,380001,Aizawl,796001,2674
21,Air,3487,Ahmedabad,380001,Kohima,797001,2596
21,Surface,989,Ahmedabad,380001,Kohima,797001,2596
25,Air,3343,Ahmedabad,380001,Bhubaneswar,751001,1573
25,Surface,813,Ahmedabad,380001,Bhubaneswar,751001,1573
25,Air,3343,Ahmedabad,380001,Jaipur,302001,677
25,Surface,813,Ahmedabad,380001,Jaipur,302001,677
25,Air,3343,Ahmedabad,380001,Kota,324001,782
25,Surface,813,Ahmedabad,380001,Kota,324001,782
25,Air,4143,Ahmedabad,380001,Gangtok,737101,1984
25,Surface,1523,Ahmedabad,380001,Gangtok,737101,1984
25,Air,3343,Ahmedabad,380001,Chennai,600001,1749
25,Surface,813,Ahmedabad,380001,Chennai,600001,1749
25,Air,3343,Ahmedabad,380001,Coimbatore,641001,1497
25,Surface,813,Ahmedabad,380001,Coimbatore,641001,1497
9.5,Air,1297,Ahmedabad,380001,Hyderabad,500001,1175
9.5,Surface,398,Ahmedabad,380001,Hyderabad,500001,1175
9.5,Air,1601,Ahmedabad,380001,Agartala,799001,3074
9.5,Surface,425,Ahmedabad,380001,Agartala,799001,3074
9.5,Air,1297,Ahmedabad,380001,Lucknow,226001,1004
9.5,Surface,398,Ahmedabad,380001,Lucknow,226001,1004
9.5,Air,1297,Ahmedabad,380001,Kanpur,208001,925
9.5,Surface,398,Ahmedabad,380001,Kanpur,208001,925
9.5,Air,1297,Ahmedabad,380001,Varanasi,221001,1077
9.5,Surface,398,Ahmedabad,380001,Varanasi,221001,1077
9.5,Air,1297,Ahmedabad,380001,Dehradun,248001,1216
9.5,Surface,398,Ahmedabad,380001,Dehradun,248001,1216
9.5,Air,1297,Ahmedabad,380001,Gairsain,246001,1316
9.5,Surface,545,Ahmedabad,380001,Gairsain,246001,1316
9.5,Air,1297,Ahmedabad,380001,Kolkata,700001,1493
9.5,Surface,398,Ahmedabad,380001,Kolkata,700001,1493
9.5,Air,1297,Ahmedabad,380001,New Delhi,110001,932
9.5,Surface,398,Ahmedabad,380001,New Delhi,110001,932
10,Air,1363,Kolkata,700001,Amaravati,522020,1452
10,Surface,398,Kolkata,700001,Amaravati,522020,1452
20,Air,2683,Kolkata,700001,Visakhapatnam,530001,1450
20,Surface,668,Kolkata,700001,Visakhapatnam,530001,1450
10.5,Air,1765,Kolkata,700001,Itanagar,791111,1868
10.5,Surface,463,Kolkata,700001,Itanagar,791111,1868
20.5,Air,3405,Kolkata,700001,Dispur,781005,1100
20.5,Surface,841,Kolkata,700001,Dispur,781005,1100
20.5,Air,2749,Kolkata,700001,Patna,800001,582
20.5,Surface,749,Kolkata,700001,Patna,800001,582
20.5,Air,2749,Kolkata,700001,Raipur,492001,1100
20.5,Surface,697,Kolkata,700001,Raipur,492001,1100
10.5,Air,1429,Kolkata,700001,Panaji,403001,1900
10.5,Surface,436,Kolkata,700001,Panaji,403001,1900
10.5,Air,1429,Kolkata,700001,Gandhinagar,382010,1800
10.5,Surface,436,Kolkata,700001,Gandhinagar,382010,1800
10.5,Air,1429,Kolkata,700001,Ahmedabad,380001,1800
10.5,Surface,436,Kolkata,700001,Ahmedabad,380001,1800
10.5,Air,1429,Kolkata,700001,Chandigarh,160017,1800
10.5,Surface,432,Kolkata,700001,Chandigarh,160017,1800
5.5,Air,864,Kolkata,700001,Shimla,171001,1800
5.5,Surface,373,Kolkata,700001,Shimla,171001,1800
5.5,Air,726,Kolkata,700001,Ranchi,834001,400
5.5,Surface,308,Kolkata,700001,Ranchi,834001,400
5.5,Air,692,Kolkata,700001,Bengaluru,560001,1800
5.5,Surface,285,Kolkata,700001,Bengaluru,560001,1800
5.5,Air,864,Kolkata,700001,Thiruvananthapuram,695001,2200
5.5,Surface,378,Kolkata,700001,Thiruvananthapuram,695001,2200
5.5,Air,864,Kolkata,700001,Kozhikode,673001,2100
5.5,Surface,378,Kolkata,700001,Kozhikode,673001,2100
5.5,Air,769,Kolkata,700001,Bhopal,462001,1200
5.5,Surface,340,Kolkata,700001,Bhopal,462001,1200
15.5,Air,2089,Kolkata,700001,Indore,452001,1300
15.5,Surface,592,Kolkata,700001,Indore,452001,1300
15.5,Air,1872,Kolkata,700001,Mumbai,400001,1950
15.5,Surface,559,Kolkata,700001,Mumbai,400001,1950
15.5,Air,2089,Kolkata,700001,Pune,411001,1900
15.5,Surface,592,Kolkata,700001,Pune,411001,1900
15.5,Air,2089,Kolkata,700001,Nagpur,440001,1200
15.5,Surface,592,Kolkata,700001,Nagpur,440001,1200
15.5,Air,2585,Kolkata,700001,Shillong,793001,1600
15.5,Surface,804,Kolkata,700001,Shillong,793001,1600
6.5,Air,1011,Kolkata,700001,Aizawl,796001,2000
6.5,Surface,506,Kolkata,700001,Aizawl,796001,2000
6.5,Air,1011,Kolkata,700001,Kohima,797001,1700
6.5,Surface,427,Kolkata,700001,Kohima,797001,1700
6.5,Air,842,Kolkata,700001,Bhubaneswar,751001,400
6.5,Surface,345,Kolkata,700001,Bhubaneswar,751001,400
6.5,Air,842,Kolkata,700001,Jaipur,302001,1500
6.5,Surface,345,Kolkata,700001,Jaipur,302001,1500
6.5,Air,842,Kolkata,700001,Kota,324001,1500
6.5,Surface,345,Kolkata,700001,Kota,324001,1500
1,Air,165,Kolkata,700001,Gangtok,737101,700
1,Surface,114,Kolkata,700001,Gangtok,737101,700
1,Air,135,Kolkata,700001,Chennai,600001,1800
1,Surface,93,Kolkata,700001,Chennai,600001,1800
1,Air,151,Kolkata,700001,Coimbatore,641001,2100
1,Surface,96,Kolkata,700001,Coimbatore,641001,2100
1,Air,151,Kolkata,700001,Hyderabad,500001,1500
1,Surface,96,Kolkata,700001,Hyderabad,500001,1500
1,Air,165,Kolkata,700001,Agartala,799001,1600
1,Surface,114,Kolkata,700001,Agartala,799001,1600
1,Air,151,Kolkata,700001,Lucknow,226001,1000
1,Surface,96,Kolkata,700001,Lucknow,226001,1000
2,Air,253,Kolkata,700001,Kanpur,208001,1000
2,Surface,164,Kolkata,700001,Kanpur,208001,1000
2,Air,253,Kolkata,700001,Varanasi,221001,700
2,Surface,164,Kolkata,700001,Varanasi,221001,700
2,Air,253,Kolkata,700001,Dehradun,248001,1200
2,Surface,164,Kolkata,700001,Dehradun,248001,1200
2,Air,253,Kolkata,700001,Gairsain,246455,1200
2,Surface,164,Kolkata,700001,Gairsain,246455,1200
2,Air,217,Kolkata,700001,New Delhi,110001,1450
2,Surface,145,Kolkata,700001,New Delhi,110001,1450
3.5,Air,403,Chandigarh,160017,Amaravati,522020,1743
10,Surface,368,Chandigarh,160017,Amaravati,522020,1743
7,Air,967,Chandigarh,160017,Visakhapatnam,530001,2236
7,Surface,357,Chandigarh,160017,Visakhapatnam,530001,2236
17,Air,2831,Chandigarh,160017,Itanagar,791111,2923
15,Surface,961,Chandigarh,160017,Itanagar,791111,2923
23,Air,3651,Chandigarh,160017,Dispur,781005,2236
4,Surface,321,Chandigarh,160017,Dispur,781005,2236
1,Air,151,Chandigarh,160017,Patna,800001,1151
1,Surface,96,Chandigarh,160017,Patna,800001,1151
1,Air,151,Chandigarh,160017,Raipur,492001,1289
1,Surface,96,Chandigarh,160017,Raipur,492001,1289
1,Air,151,Chandigarh,160017,Panaji,403001,1829
1,Surface,96,Chandigarh,160017,Panaji,403001,1829
1,Air,151,Chandigarh,160017,Gandhinagar,382010,1151
1,Surface,96,Chandigarh,160017,Gandhinagar,382010,1151
2,Air,253,Chandigarh,160017,Ahmedabad,380001,932
2,Surface,164,Chandigarh,160017,Ahmedabad,380001,932
2,Air,273,Chandigarh,160017,Shimla,171001,113
2,Surface,175,Chandigarh,160017,Shimla,171001,113
2,Air,253,Chandigarh,160017,Ranchi,834001,1399
2,Surface,164,Chandigarh,160017,Ranchi,834001,1399
2,Air,253,Chandigarh,160017,Bengaluru,560001,2365
2.5,Surface,198,Chandigarh,160017,Bengaluru,560001,2365
2.5,Air,327,Chandigarh,160017,Thiruvananthapuram,695001,3074
3.6,Surface,312,Chandigarh,160017,Thiruvananthapuram,695001,3074
3.5,Air,435,Chandigarh,160017,Kozhikode,673001,2904
3,Surface,289,Chandigarh,160017,Kozhikode,673001,2904
1,Air,151,Chandigarh,160017,Bhopal,462001,1057
1,Surface,96,Chandigarh,160017,Bhopal,462001,1057
1,Air,151,Chandigarh,160017,Indore,452001,1014
1,Surface,96,Chandigarh,160017,Indore,452001,1014
1,Air,151,Chandigarh,160017,Mumbai,400001,1660
1,Surface,96,Chandigarh,160017,Mumbai,400001,1660
1,Air,151,Chandigarh,160017,Pune,411001,1528
1,Surface,96,Chandigarh,160017,Pune,411001,1528
1,Air,151,Chandigarh,160017,Nagpur,440001,1216
1,Surface,96,Chandigarh,160017,Nagpur,440001,1216
3,Air,381,Chandigarh,160017,Shillong,793001,2436
3,Surface,289,Chandigarh,160017,Shillong,793001,2436
3,Air,381,Chandigarh,160017,Aizawl,796001,2461
3,Surface,289,Chandigarh,160017,Aizawl,796001,2461
3,Air,381,Chandigarh,160017,Kohima,797001,2194
3,Surface,289,Chandigarh,160017,Kohima,797001,2194
3,Air,353,Chandigarh,160017,Bhubaneswar,751001,1743
3,Surface,232,Chandigarh,160017,Bhubaneswar,751001,1743
3,Air,353,Chandigarh,160017,Jaipur,302001,507
3,Surface,229,Chandigarh,160017,Jaipur,302001,507
3,Air,353,Chandigarh,160017,Kota,324001,734
3,Surface,229,Chandigarh,160017,Kota,324001,734
5,Air,791,Chandigarh,160017,Gangtok,737101,1727
5,Surface,321,Chandigarh,160017,Gangtok,737101,1727
5,Air,587,Chandigarh,160017,Chennai,600001,2179
5,Surface,356,Chandigarh,160017,Chennai,600001,2179
5,Air,587,Chandigarh,160017,Coimbatore,641001,2336
5,Surface,270,Chandigarh,160017,Coimbatore,641001,2336
5,Air,587,Chandigarh,160017,Hyderabad,500001,1620
5,Surface,289,Chandigarh,160017,Hyderabad,500001,1620
5,Air,791,Chandigarh,160017,Agartala,799001,3086
5,Surface,390,Chandigarh,160017,Agartala,799001,3086
5,Air,587,Chandigarh,160017,Lucknow,226001,729
5,Surface,270,Chandigarh,160017,Lucknow,226001,729
5,Air,587,Chandigarh,160017,Kanpur,208001,661
5,Surface,270,Chandigarh,160017,Kanpur,208001,661
5,Air,587,Chandigarh,160017,Varanasi,221001,840
4,Surface,270,Chandigarh,160017,Varanasi,221001,840
6,Air,784,Chandigarh,160017,Dehradun,248001,195
6,Surface,308,Chandigarh,160017,Dehradun,248001,195
6,Air,784,Chandigarh,160017,Gairsain,246001,305
6,Surface,383,Chandigarh,160017,Gairsain,246001,305
6,Air,784,Chandigarh,160017,Kolkata,700001,1600
6,Surface,308,Chandigarh,160017,Kolkata,700001,1600
6,Air,784,Chandigarh,160017,New Delhi,110001,245
6,Surface,308,Chandigarh,160017,New Delhi,110001,245
9,Air,1519,Shimla,171001,Amaravati,522020,1743
9,Surface,425,Shimla,171001,Amaravati,522020,1743
9,Air,1519,Shimla,171001,Visakhapatnam,530001,2236
9,Surface,425,Shimla,171001,Visakhapatnam,530001,2236
9,Air,1519,Shimla,171001,Itanagar,791111,2923
9,Surface,425,Shimla,171001,Itanagar,791111,2923
9,Air,1519,Shimla,171001,Dispur,781005,2236
9,Surface,425,Shimla,171001,Dispur,781005,2236
9,Air,1519,Shimla,171001,Patna,800001,1151
9,Surface,425,Shimla,171001,Patna,800001,1151
11,Air,1847,Shimla,171001,Raipur,492001,1289
11,Surface,463,Shimla,171001,Raipur,492001,1289
12,Air,2011,Shimla,171001,Panaji,403001,1829
13,Surface,536,Shimla,171001,Panaji,403001,1829
15,Air,2503,Shimla,171001,Gandhinagar,382010,677
15.5,Surface,636,Shimla,171001,Gandhinagar,382010,677
16.5,Air,2749,Shimla,171001,Ahmedabad,380001,507
14,Surface,569,Shimla,171001,Ahmedabad,380001,507
14.5,Air,2421,Shimla,171001,Chandigarh,160017,113
18.5,Surface,736,Shimla,171001,Chandigarh,160017,113
15,Air,2503,Shimla,171001,Ranchi,834001,1399
30,Surface,603,Shimla,171001,Ranchi,834001,1399
25,Air,4143,Shimla,171001,Bengaluru,560001,2365
28,Surface,1037,Shimla,171001,Bengaluru,560001,2365
14,Air,2339,Shimla,171001,Thiruvananthapuram,695001,2515
14,Surface,731,Shimla,171001,Thiruvananthapuram,695001,2515
14,Air,2339,Shimla,171001,Kozhikode,673001,2340
14,Surface,904,Shimla,171001,Kozhikode,673001,2340
15,Air,2503,Shimla,171001,Bhopal,462001,1057
15,Surface,961,Shimla,171001,Bhopal,462001,1057
12,Air,2011,Shimla,171001,Indore,452001,1014
14,Surface,569,Shimla,171001,Indore,452001,1014
12,Air,2011,Shimla,171001,Mumbai,400001,1660
12,Surface,501,Shimla,171001,Mumbai,400001,1660
11,Air,1847,Shimla,171001,Pune,411001,1528
11,Surface,463,Shimla,171001,Pune,411001,1528
11,Air,1847,Shimla,171001,Nagpur,440001,1216
11,Surface,463,Shimla,171001,Nagpur,440001,1216
3,Air,381,Shimla,171001,Shillong,793001,2436
3,Surface,289,Shimla,171001,Shillong,793001,2436
5,Air,791,Shimla,171001,Aizawl,796001,2461
5,Surface,390,Shimla,171001,Aizawl,796001,2461
7,Air,1085,Shimla,171001,Kohima,797001,2194
7,Surface,427,Shimla,171001,Kohima,797001,2194
9,Air,1519,Shimla,171001,Bhubaneswar,751001,1743
9,Surface,425,Shimla,171001,Bhubaneswar,751001,1743
11,Air,1847,Shimla,171001,Jaipur,302001,597
11,Surface,463,Shimla,171001,Jaipur,302001,597
13,Air,2175,Shimla,171001,Kota,324001,734
13,Surface,536,Shimla,171001,Kota,324001,734
17,Air,2831,Shimla,171001,Gangtok,737101,1187
17,Surface,804,Shimla,171001,Gangtok,737101,1187
19,Air,3159,Shimla,171001,Chennai,600001,2179
19,Surface,804,Shimla,171001,Chennai,600001,2179
23,Air,3815,Shimla,171001,Coimbatore,641001,2336
23,Surface,870,Shimla,171001,Coimbatore,641001,2336
26,Air,4614,Shimla,171001,Hyderabad,500001,1620
26,Surface,1022,Shimla,171001,Hyderabad,500001,1620
29,Air,5161,Shimla,171001,Agartala,799001,3086
29,Surface,1131,Shimla,171001,Agartala,799001,3086
29,Air,5161,Shimla,171001,Lucknow,226001,729
31,Surface,1860,Shimla,171001,Lucknow,226001,729
31,Air,5514,Shimla,171001,Kanpur,208001,661
30,Surface,1104,Shimla,171001,Kanpur,208001,661
30,Air,5338,Shimla,171001,Varanasi,221001,840
30,Surface,1104,Shimla,171001,Varanasi,221001,840
20,Air,3323,Shimla,171001,Dehradun,248001,195
20,Surface,770,Shimla,171001,Dehradun,248001,195
20,Air,3323,Shimla,171001,Gairsain,246001,305
20,Surface,1242,Shimla,171001,Gairsain,246001,305
11,Air,1847,Shimla,171001,Kolkata,700001,1600
11,Surface,463,Shimla,171001,Kolkata,700001,1600
15,Air,2503,Shimla,171001,New Delhi,110001,245
22,Surface,836,Shimla,171001,New Delhi,110001,245
1,Air,175,Gairsain,246428,Amaravati,522020,1452
1,Surface,153,Gairsain,246428,Amaravati,522020,1452
2,Air,253,Gairsain,246428,Visakhapatnam,530001,1925
2,Surface,164,Gairsain,246428,Visakhapatnam,530001,1925
3,Air,381,Gairsain,246428,Itanagar,791111,1814
3,Surface,289,Gairsain,246428,Itanagar,791111,1814
4,Air,489,Gairsain,246428,Dispur,781005,1592
4,Surface,376,Gairsain,246428,Dispur,781005,1592
5,Air,703,Gairsain,246428,Patna,800001,1010
5,Surface,353,Gairsain,246428,Patna,800001,1010
6,Air,835,Gairsain,246428,Raipur,492001,1182
6,Surface,406,Gairsain,246428,Raipur,492001,1182
7,Air,967,Gairsain,246428,Panaji,403001,1832
7,Surface,458,Gairsain,246428,Panaji,403001,1832
8,Air,1293,Gairsain,246428,Gandhinagar,382010,932
8,Surface,575,Gairsain,246428,Gandhinagar,382010,932
9,Air,1231,Gairsain,246428,Ahmedabad,380001,932
9,Surface,562,Gairsain,246428,Ahmedabad,380001,932
10,Air,1602,Gairsain,246428,Chandigarh,160017,246
10,Surface,712,Gairsain,246428,Chandigarh,160017,246
10,Air,1683,Gairsain,246428,Shimla,171001,342
10,Surface,900,Gairsain,246428,Shimla,171001,342
9,Air,1231,Gairsain,246428,Ranchi,834001,1135
9,Surface,562,Gairsain,246428,Ranchi,834001,1135
8,Air,1099,Gairsain,246428,Bengaluru,560001,1750
8,Surface,510,Gairsain,246428,Bengaluru,560001,1750
7,Air,1191,Gairsain,246428,Thiruvananthapuram,695001,2695
7,Surface,506,Gairsain,246428,Thiruvananthapuram,695001,2695
6,Air,1027,Gairsain,246428,Kozhikode,673001,2400
6,Surface,448,Gairsain,246428,Kozhikode,673001,2400
5,Air,703,Gairsain,246428,Bhopal,462001,742
5,Surface,353,Gairsain,246428,Bhopal,462001,742
4,Air,453,Gairsain,246428,Indore,452001,810
4,Surface,301,Gairsain,246428,Indore,452001,810
3,Air,353,Gairsain,246428,Mumbai,400001,1415
3,Surface,232,Gairsain,246428,Mumbai,400001,1415
2,Air,253,Gairsain,246428,Pune,411001,1421
2,Surface,164,Gairsain,246428,Pune,411001,1421
1,Air,153,Gairsain,246428,Nagpur,440001,1074
1,Surface,96,Gairsain,246428,Nagpur,440001,1074
2,Air,273,Gairsain,246428,Shillong,793001,1892
2,Surface,202,Gairsain,246428,Shillong,793001,1892
3,Air,381,Gairsain,246428,Aizawl,796001,2303
3,Surface,289,Gairsain,246428,Aizawl,796001,2303
4,Air,699,Gairsain,246428,Kohima,797001,2047
4,Surface,390,Gairsain,246428,Kohima,797001,2047
5,Air,831,Gairsain,246428,Bhubaneswar,751001,1684
5,Surface,353,Gairsain,246428,Bhubaneswar,751001,1684
6,Air,985,Gairsain,246428,Jaipur,302001,268
6,Surface,438,Gairsain,246428,Jaipur,302001,268
7,Air,1139,Gairsain,246428,Kota,324001,458
7,Surface,506,Gairsain,246428,Kota,324001,458
8,Air,1355,Gairsain,246428,Gangtok,737101,1405
8,Surface,680,Gairsain,246428,Gangtok,737101,1405
4,Air,571,Gairsain,246428,Chennai,600001,2175
4,Surface,453,Gairsain,246428,Chennai,600001,2175
10,Air,2206,Gairsain,246428,Coimbatore,641001,2350
10,Surface,956,Gairsain,246428,Coimbatore,641001,2350
10,Air,1363,Gairsain,246428,Hyderabad,500001,1560
10,Surface,712,Gairsain,246428,Hyderabad,500001,1560
1,Air,207,Gairsain,246428,Agartala,799001,2480
1,Surface,163,Gairsain,246428,Agartala,799001,2480
2,Air,253,Gairsain,246428,Lucknow,226001,499
2,Surface,164,Gairsain,246428,Lucknow,226001,499
3,Air,439,Gairsain,246428,Kanpur,208001,478
3,Surface,353,Gairsain,246428,Kanpur,208001,478
4,Air,920,Gairsain,246428,Varanasi,221001,683
4,Surface,499,Gairsain,246428,Varanasi,221001,683
5,Air,642,Gairsain,246428,Dehradun,248001,235
5,Surface,250,Gairsain,246428,Dehradun,248001,235
6,Air,835,Gairsain,246428,Kolkata,700001,1450
6,Surface,438,Gairsain,246428,Kolkata,700001,1450
1,Air,208,Ranchi,834001,Amaravati,522020,1743
1,Surface,132,Ranchi,834001,Amaravati,522020,1743
2,Air,260,Ranchi,834001,Visakhapatnam,530001,1065
2,Surface,202,Ranchi,834001,Visakhapatnam,530001,1065
3,Air,497,Ranchi,834001,Itanagar,791111,1874
3,Surface,390,Ranchi,834001,Itanagar,791111,1874
4,Air,644,Ranchi,834001,Dispur,781005,1200
4,Surface,329,Ranchi,834001,Dispur,781005,1200
5,Air,1134,Ranchi,834001,Patna,800001,302
5,Surface,804,Ranchi,834001,Patna,800001,302
6,Air,863,Ranchi,834001,Raipur,492001,651
6,Surface,355,Ranchi,834001,Raipur,492001,651
7,Air,1001,Ranchi,834001,Panaji,403001,1399
7,Surface,398,Ranchi,834001,Panaji,403001,1399
8,Air,1293,Ranchi,834001,Gandhinagar,382010,1577
8,Surface,414,Ranchi,834001,Gandhinagar,382010,1577
9,Air,1452,Ranchi,834001,Ahmedabad,380001,1514
9,Surface,420,Ranchi,834001,Ahmedabad,380001,1514
10,Air,1363,Ranchi,834001,Chandigarh,160017,1399
10,Surface,398,Ranchi,834001,Chandigarh,160017,1399
10,Air,1808,Ranchi,834001,Shimla,171001,1577
10,Surface,532,Ranchi,834001,Shimla,171001,1577
9,Air,1231,Ranchi,834001,Bengaluru,560001,1843
9,Surface,496,Ranchi,834001,Bengaluru,560001,1843
8,Air,1455,Ranchi,834001,Thiruvananthapuram,695001,2326
8,Surface,471,Ranchi,834001,Thiruvananthapuram,695001,2326
7,Air,1279,Ranchi,834001,Kozhikode,673001,2151
7,Surface,435,Ranchi,834001,Kozhikode,673001,2151
6,Air,863,Ranchi,834001,Bhopal,462001,1057
6,Surface,438,Ranchi,834001,Bhopal,462001,1057
5,Air,668,Ranchi,834001,Indore,452001,1014
5,Surface,272,Ranchi,834001,Indore,452001,1014
4,Air,552,Ranchi,834001,Mumbai,400001,1660
4,Surface,301,Ranchi,834001,Mumbai,400001,1660
3,Air,369,Ranchi,834001,Pune,411001,1528
3,Surface,270,Ranchi,834001,Pune,411001,1528
2,Air,260,Ranchi,834001,Nagpur,440001,1216
2,Surface,200,Ranchi,834001,Nagpur,440001,1216
1,Air,194,Ranchi,834001,Shillong,793001,2436
1,Surface,114,Ranchi,834001,Shillong,793001,2436
2,Air,346,Ranchi,834001,Aizawl,796001,2461
2,Surface,262,Ranchi,834001,Aizawl,796001,2461
3,Air,381,Ranchi,834001,Kohima,797001,2194
3,Surface,301,Ranchi,834001,Kohima,797001,2194
4,Air,478,Ranchi,834001,Bhubaneswar,751001,439
4,Surface,276,Ranchi,834001,Bhubaneswar,751001,439
5,Air,668,Ranchi,834001,Jaipur,302001,1084
5,Surface,289,Ranchi,834001,Jaipur,302001,1084
6,Air,784,Ranchi,834001,Kota,324001,1221
6,Surface,308,Ranchi,834001,Kota,324001,1221
7,Air,1191,Ranchi,834001,Gangtok,737101,682
7,Surface,435,Ranchi,834001,Gangtok,737101,682
8,Air,1138,Ranchi,834001,Chennai,600001,1743
8,Surface,398,Ranchi,834001,Chennai,600001,1743
9,Air,1231,Ranchi,834001,Coimbatore,641001,1900
9,Surface,442,Ranchi,834001,Coimbatore,641001,1900
10,Air,1413,Ranchi,834001,Hyderabad,500001,1197
10,Surface,712,Ranchi,834001,Hyderabad,500001,1197
10,Air,2708,Ranchi,834001,Agartala,799001,2326
10,Surface,922,Ranchi,834001,Agartala,799001,2326
9,Air,1276,Ranchi,834001,Lucknow,226001,661
9,Surface,398,Ranchi,834001,Lucknow,226001,661
8,Air,1099,Ranchi,834001,Kanpur,208001,593
8,Surface,398,Ranchi,834001,Kanpur,208001,593
7,Air,967,Ranchi,834001,Varanasi,221001,840
7,Surface,357,Ranchi,834001,Varanasi,221001,840
6,Air,863,Ranchi,834001,Dehradun,248001,1230
6,Surface,308,Ranchi,834001,Dehradun,248001,1230
5,Air,1134,Ranchi,834001,Gairsain,246001,1330
5,Surface,353,Ranchi,834001,Gairsain,246001,1330
4,Air,478,Ranchi,834001,Kolkata,700001,414
4,Surface,270,Ranchi,834001,Kolkata,700001,414
3,Air,369,Ranchi,834001,New Delhi,110001,1224
3,Surface,229,Ranchi,834001,New Delhi,110001,1224
1,Air,151,Dehradun,248001,Amaravati,522020,1452
1,Surface,96,Dehradun,248001,Amaravati,522020,1452
2,Air,253,Dehradun,248001,Visakhapatnam,530001,1925
2,Surface,164,Dehradun,248001,Visakhapatnam,530001,1925
3,Air,381,Dehradun,248001,Itanagar,791111,1814
3,Surface,289,Dehradun,248001,Itanagar,791111,1814
4,Air,489,Dehradun,248001,Dispur,781005,1592
4,Surface,329,Dehradun,248001,Dispur,781005,1592
5,Air,587,Dehradun,248001,Patna,800001,1010
5,Surface,270,Dehradun,248001,Patna,800001,1010
6,Air,784,Dehradun,248001,Raipur,492001,1182
6,Surface,308,Dehradun,248001,Raipur,492001,1182
7,Air,900,Dehradun,248001,Panaji,403001,1832
7,Surface,345,Dehradun,248001,Panaji,403001,1832
8,Air,1099,Dehradun,248001,Gandhinagar,382010,932
8,Surface,383,Dehradun,248001,Gandhinagar,382010,932
9,Air,1231,Dehradun,248001,Ahmedabad,380001,932
9,Surface,398,Dehradun,248001,Ahmedabad,380001,932
10,Air,1363,Dehradun,248001,Chandigarh,160017,168
10,Surface,398,Dehradun,248001,Chandigarh,160017,168
11,Air,1847,Dehradun,248001,Shimla,171001,227
11,Surface,463,Dehradun,248001,Shimla,171001,227
12,Air,1627,Dehradun,248001,Ranchi,834001,1135
13,Surface,498,Dehradun,248001,Ranchi,834001,1135
14,Air,1891,Dehradun,248001,Bengaluru,560001,2200
14,Surface,530,Dehradun,248001,Bengaluru,560001,2200
15,Air,2503,Dehradun,248001,Thiruvananthapuram,695001,2800
15,Surface,777,Dehradun,248001,Thiruvananthapuram,695001,2800
16,Air,2667,Dehradun,248001,Kozhikode,673001,2500
16,Surface,804,Dehradun,248001,Kozhikode,673001,2500
17,Air,2287,Dehradun,248001,Bhopal,462001,1000
17,Surface,668,Dehradun,248001,Bhopal,462001,1000
18,Air,2419,Dehradun,248001,Indore,452001,1100
18,Surface,655,Dehradun,248001,Indore,452001,1100
19,Air,2551,Dehradun,248001,Mumbai,400001,1600
19,Surface,668,Dehradun,248001,Mumbai,400001,1600
20,Air,2683,Dehradun,248001,Pune,411001,1600
20,Surface,668,Dehradun,248001,Pune,411001,1600
21,Air,2815,Dehradun,248001,Nagpur,440001,1100
21,Surface,697,Dehradun,248001,Nagpur,440001,1100
22,Air,3815,Dehradun,248001,Imphal,795001,2400
22,Surface,913,Dehradun,248001,Imphal,795001,2400
23,Air,3979,Dehradun,248001,Shillong,793001,1800
23,Surface,949,Dehradun,248001,Shillong,793001,1800
24,Air,4143,Dehradun,248001,Aizawl,796001,2200
24,Surface,986,Dehradun,248001,Aizawl,796001,2200
0.5,Air,112,Dehradun,248001,Kohima,797001,1900
0.5,Surface,71,Dehradun,248001,Kohima,797001,1900
26,Air,3611,Dehradun,248001,Bhubaneswar,751001,1400
26,Surface,842,Dehradun,248001,Bhubaneswar,751001,1400
27,Air,3748,Dehradun,248001,Jaipur,302001,570
27,Surface,871,Dehradun,248001,Jaipur,302001,570
28,Air,3886,Dehradun,248001,Kota,324001,760
28,Surface,900,Dehradun,248001,Kota,324001,760
29,Air,5161,Dehradun,248001,Gangtok,737101,1200
29,Surface,1131,Dehradun,248001,Gangtok,737101,1200
30,Air,4161,Dehradun,248001,Chennai,600001,2200
30,Surface,958,Dehradun,248001,Chennai,600001,2200
31,Air,4298,Dehradun,248001,Coimbatore,641001,2400
31,Surface,1547,Dehradun,248001,Coimbatore,641001,2400
32,Air,4435,Dehradun,248001,Hyderabad,500001,1700
32,Surface,1593,Dehradun,248001,Hyderabad,500001,1700
0.5,Air,111,Dehradun,248001,Agartala,799001,2400
0.5,Surface,71,Dehradun,248001,Agartala,799001,2400
1,Air,151,Dehradun,248001,Lucknow,226001,500
1,Surface,96,Dehradun,248001,Lucknow,226001,500
1,Air,151,Dehradun,248001,Kanpur,208001,470
1,Surface,96,Dehradun,248001,Kanpur,208001,470
1,Air,151,Dehradun,248001,Varanasi,221001,700
1,Surface,96,Dehradun,248001,Varanasi,221001,700
1,Air,153,Bengaluru,560001,Amaravati,522020,1166
1,Surface,132,Bengaluru,560001,Amaravati,522020,1166
1,Air,151,Bengaluru,560001,Visakhapatnam,530001,1007
1,Surface,96,Bengaluru,560001,Visakhapatnam,530001,1007
1,Air,165,Bengaluru,560001,Itanagar,791111,3044
1,Surface,114,Bengaluru,560001,Itanagar,791111,3044
2,Air,273,Bengaluru,560001,Dispur,781005,2595
3,Surface,289,Bengaluru,560001,Dispur,781005,2595
4,Air,453,Bengaluru,560001,Patna,800001,1983
5,Surface,270,Bengaluru,560001,Patna,800001,1983
6,Air,784,Bengaluru,560001,Raipur,492001,1399
7,Surface,345,Bengaluru,560001,Raipur,492001,1399
8,Air,1099,Bengaluru,560001,Panaji,403001,582
9,Surface,398,Bengaluru,560001,Panaji,403001,582
1,Air,151,Bengaluru,560001,Gandhinagar,382010,1399
3,Surface,232,Bengaluru,560001,Gandhinagar,382010,1399
5,Air,587,Bengaluru,560001,Ahmedabad,380001,1399
7,Surface,345,Bengaluru,560001,Ahmedabad,380001,1399
9,Air,1231,Bengaluru,560001,Chandigarh,160017,2365
11,Surface,432,Bengaluru,560001,Chandigarh,160017,2365
11,Air,1847,Bengaluru,560001,Shimla,171001,2365
9,Surface,425,Bengaluru,560001,Shimla,171001,2365
7,Air,900,Bengaluru,560001,Ranchi,834001,1843
5,Surface,270,Bengaluru,560001,Ranchi,834001,1843
3,Air,281,Bengaluru,560001,Thiruvananthapuram,695001,748
1,Surface,106,Bengaluru,560001,Thiruvananthapuram,695001,748
1,Air,165,Bengaluru,560001,Kozhikode,673001,347
2,Surface,202,Bengaluru,560001,Kozhikode,673001,347
2,Air,253,Bengaluru,560001,Bhopal,462001,1230
1,Surface,96,Bengaluru,560001,Bhopal,462001,1230
2,Air,253,Bengaluru,560001,Indore,452001,1143
4,Surface,270,Bengaluru,560001,Indore,452001,1143
6,Air,751,Bengaluru,560001,Mumbai,400001,981
8,Surface,385,Bengaluru,560001,Mumbai,400001,981
8,Air,1099,Bengaluru,560001,Pune,411001,736
6,Surface,308,Bengaluru,560001,Pune,411001,736
4,Air,453,Bengaluru,560001,Nagpur,440001,1070
2,Surface,164,Bengaluru,560001,Nagpur,440001,1070
9,Air,1519,Bengaluru,560001,Shillong,793001,2761
12,Surface,501,Bengaluru,560001,Shillong,793001,2761
15,Air,2503,Bengaluru,560001,Aizawl,796001,2666
18,Surface,804,Bengaluru,560001,Aizawl,796001,2666
18,Air,2995,Bengaluru,560001,Kohima,797001,2399
15,Surface,777,Bengaluru,560001,Kohima,797001,2399
12,Air,1627,Bengaluru,560001,Bhubaneswar,751001,1377
9,Surface,398,Bengaluru,560001,Bhubaneswar,751001,1377
6,Air,784,Bengaluru,560001,Jaipur,302001,2005
3,Surface,229,Bengaluru,560001,Jaipur,302001,2005
4,Air,453,Bengaluru,560001,Kota,324001,1843
8,Surface,383,Bengaluru,560001,Kota,324001,1843
12,Air,2011,Bengaluru,560001,Gangtok,737101,2475
16,Surface,804,Bengaluru,560001,Gangtok,737101,2475
20,Air,2403,Bengaluru,560001,Chennai,600001,346
20,Surface,559,Bengaluru,560001,Chennai,600001,346
16,Air,2155,Bengaluru,560001,Coimbatore,641001,333
12,Surface,467,Bengaluru,560001,Coimbatore,641001,333
8,Air,1099,Bengaluru,560001,Hyderabad,500001,569
4,Surface,298,Bengaluru,560001,Hyderabad,500001,569
5,Air,791,Bengaluru,560001,Agartala,799001,3499
10,Surface,425,Bengaluru,560001,Agartala,799001,3499
15,Air,2023,Bengaluru,560001,Lucknow,226001,1668
20,Surface,668,Bengaluru,560001,Lucknow,226001,1668
25,Air,3343,Bengaluru,560001,Kanpur,208001,1593
30,Surface,958,Bengaluru,560001,Kanpur,208001,1593
30,Air,4160,Bengaluru,560001,Varanasi,221001,1804
25,Surface,813,Bengaluru,560001,Varanasi,221001,1804
20,Air,668,Bengaluru,560001,Dehradun,248001,2005
15,Surface,561,Bengaluru,560001,Dehradun,248001,2005
10,Air,1363,Bengaluru,560001,Gairsain,246001,2105
5,Surface,332,Bengaluru,560001,Gairsain,246001,2105
6,Air,751,Bengaluru,560001,Kolkata,700001,1868
12,Surface,425,Bengaluru,560001,Kolkata,700001,1868
12,Air,1459,Bengaluru,560001,New Delhi,110001,1740
6,Surface,285,Bengaluru,560001,New Delhi,110001,1740
1,Air,165,Thiruvananthapuram,695001,Amaravati,522020,1166
1,Surface,164,Thiruvananthapuram,695001,Amaravati,522020,1166
1,Air,165,Thiruvananthapuram,695001,Visakhapatnam,530001,1007
1,Surface,106,Thiruvananthapuram,695001,Visakhapatnam,530001,1007
1,Air,165,Thiruvananthapuram,695001,Itanagar,791111,3044
1,Surface,114,Thiruvananthapuram,695001,Itanagar,791111,3044
1,Air,165,Thiruvananthapuram,695001,Dispur,781005,2595
1,Surface,114,Thiruvananthapuram,695001,Dispur,781005,2595
1,Air,165,Thiruvananthapuram,695001,Patna,800001,1983
1,Surface,114,Thiruvananthapuram,695001,Patna,800001,1983
1,Air,165,Thiruvananthapuram,695001,Raipur,492001,1399
1,Surface,114,Thiruvananthapuram,695001,Raipur,492001,1399
1,Air,165,Thiruvananthapuram,695001,Panaji,403001,582
1,Surface,114,Thiruvananthapuram,695001,Panaji,403001,582
1,Air,165,Thiruvananthapuram,695001,Gandhinagar,382010,1843
1,Surface,114,Thiruvananthapuram,695001,Gandhinagar,382010,1843
1,Air,165,Thiruvananthapuram,695001,Ahmedabad,380001,1743
1,Surface,114,Thiruvananthapuram,695001,Ahmedabad,380001,1743
1,Air,165,Thiruvananthapuram,695001,Chandigarh,160017,2515
1,Surface,106,Thiruvananthapuram,695001,Chandigarh,160017,2515
1,Air,165,Thiruvananthapuram,695001,Shimla,171001,2326
1,Surface,106,Thiruvananthapuram,695001,Shimla,171001,2326
1,Air,165,Thiruvananthapuram,695001,Ranchi,834001,2326
1,Surface,114,Thiruvananthapuram,695001,Ranchi,834001,2326
1,Air,165,Thiruvananthapuram,695001,Bengaluru,560001,748
1,Surface,114,Thiruvananthapuram,695001,Bengaluru,560001,748
1,Air,118,Thiruvananthapuram,695001,Kozhikode,673001,397
1,Surface,71,Thiruvananthapuram,695001,Kozhikode,673001,397
1,Air,165,Thiruvananthapuram,695001,Bhopal,462001,1919
1,Surface,114,Thiruvananthapuram,695001,Bhopal,462001,1919
1,Air,165,Thiruvananthapuram,695001,Indore,452001,1855
1,Surface,114,Thiruvananthapuram,695001,Indore,452001,1855
2.6,Air,381,Thiruvananthapuram,695001,Mumbai,400001,1376
2.6,Surface,289,Thiruvananthapuram,695001,Mumbai,400001,1376
2.5,Air,327,Thiruvananthapuram,695001,Pune,411001,1189
2.5,Surface,245,Thiruvananthapuram,695001,Pune,411001,1189
2.5,Air,327,Thiruvananthapuram,695001,Nagpur,440001,1570
2.5,Surface,245,Thiruvananthapuram,695001,Nagpur,440001,1570
2.5,Air,497,Thiruvananthapuram,695001,Imphal,795001,3180
2.5,Surface,598,Thiruvananthapuram,695001,Imphal,795001,3180
2.5,Air,327,Thiruvananthapuram,695001,Shillong,793001,2761
2.5,Surface,245,Thiruvananthapuram,695001,Shillong,793001,2761
2.5,Air,327,Thiruvananthapuram,695001,Aizawl,796001,2666
2.5,Surface,245,Thiruvananthapuram,695001,Aizawl,796001,2666
2.5,Air,327,Thiruvananthapuram,695001,Kohima,797001,2399
2.5,Surface,245,Thiruvananthapuram,695001,Kohima,797001,2399
2.5,Air,327,Thiruvananthapuram,695001,Bhubaneswar,751001,1678
2.5,Surface,245,Thiruvananthapuram,695001,Bhubaneswar,751001,1678
2.5,Air,327,Thiruvananthapuram,695001,Jaipur,302001,2365
2.5,Surface,209,Thiruvananthapuram,695001,Jaipur,302001,2365
2.5,Air,327,Thiruvananthapuram,695001,Kota,324001,2493
2.5,Surface,209,Thiruvananthapuram,695001,Kota,324001,2493
2.5,Air,327,Thiruvananthapuram,695001,Gangtok,737101,2475
2.5,Surface,245,Thiruvananthapuram,695001,Gangtok,737101,2475
2.5,Air,327,Thiruvananthapuram,695001,Chennai,600001,771
2.5,Surface,208,Thiruvananthapuram,695001,Chennai,600001,771
2.5,Air,327,Thiruvananthapuram,695001,Coimbatore,641001,413
2.5,Surface,208,Thiruvananthapuram,695001,Coimbatore,641001,413
2.5,Air,422,Thiruvananthapuram,695001,Hyderabad,500001,1261
2.5,Surface,245,Thiruvananthapuram,695001,Hyderabad,500001,1261
2.5,Air,327,Thiruvananthapuram,695001,Agartala,799001,3290
2.5,Surface,245,Thiruvananthapuram,695001,Agartala,799001,3290
2.5,Air,327,Thiruvananthapuram,695001,Lucknow,226001,1780
2.5,Surface,209,Thiruvananthapuram,695001,Lucknow,226001,1780
2.5,Air,327,Thiruvananthapuram,695001,Kanpur,208001,1705
2.5,Surface,209,Thiruvananthapuram,695001,Kanpur,208001,1705
2.5,Air,327,Thiruvananthapuram,695001,Varanasi,221001,1916
2.5,Surface,209,Thiruvananthapuram,695001,Varanasi,221001,1916
2.5,Air,327,Thiruvananthapuram,695001,Dehradun,248001,2317
2.5,Surface,245,Thiruvananthapuram,695001,Dehradun,248001,2317
2.5,Air,327,Thiruvananthapuram,695001,Gairsain,246001,2417
2.5,Surface,209,Thiruvananthapuram,695001,Gairsain,246001,2417
2.5,Air,327,Thiruvananthapuram,695001,Kolkata,700001,2313
2.5,Surface,245,Thiruvananthapuram,695001,Kolkata,700001,2313
2.5,Air,327,Thiruvananthapuram,695001,New Delhi,110001,2200
2.5,Surface,209,Thiruvananthapuram,695001,New Delhi,110001,2200
4.5,Air,720,Kozhikode,673001,Hyderabad,500001,741
4.5,Surface,321,Kozhikode,673001,Hyderabad,500001,741
4.5,Air,725,Kozhikode,673001,Gangtok,737101,2234
4.5,Surface,321,Kozhikode,673001,Gangtok,737101,2234
4.5,Air,725,Kozhikode,673001,Ghandinagar,382010,1371
4.5,Surface,361,Kozhikode,673001,Ghandinagar,382010,1371
4.5,Air,725,Kozhikode,673001,Delhi,110001,1941
4.5,Surface,321,Kozhikode,673001,Delhi,110001,1941
4.5,Air,725,Kozhikode,673001,Dehradun,248001,2134
4.5,Surface,386,Kozhikode,673001,Dehradun,248001,2134
4.5,Air,725,Kozhikode,673001,Daman,396210,1165
4.5,Surface,321,Kozhikode,673001,Daman,396210,1165
4.5,Air,725,Kozhikode,673001,Bhubaneswar,751001,1673
4.5,Surface,321,Kozhikode,673001,Bhubaneswar,751001,1673
4.5,Air,725,Kozhikode,673001,Jaipur,302001,2009
4.5,Surface,321,Kozhikode,673001,Jaipur,302001,2009
4.5,Air,725,Kozhikode,673001,Kota,324001,2062
4.5,Surface,338,Kozhikode,673001,Kota,324001,2062
4.5,Air,725,Kozhikode,673001,Gangtok,737101,2234
4.5,Surface,321,Kozhikode,673001,Gangtok,737101,2234
4.5,Air,725,Kozhikode,673001,Chennai,600001,578
4.5,Surface,346,Kozhikode,673001,Chennai,600001,578
4.5,Air,725,Kozhikode,673001,Coimbatore,641001,178
4.5,Surface,338,Kozhikode,673001,Coimbatore,641001,178
0.5,Air,118,Kozhikode,673001,Hyderabad,500001,741
0.5,Surface,71,Kozhikode,673001,Hyderabad,500001,741
0.5,Air,111,Kozhikode,673001,Agartala,799001,3180
0.5,Surface,71,Kozhikode,673001,Agartala,799001,3180
0.5,Air,111,Kozhikode,673001,Lucknow,226001,1749
0.5,Surface,71,Kozhikode,673001,Lucknow,226001,1749
0.5,Air,111,Kozhikode,673001,Kanpur,208001,1835
0.5,Surface,71,Kozhikode,673001,Kanpur,208001,1835
1.5,Air,279,Kozhikode,673001,Varanasi,221001,2020
1.5,Surface,140,Kozhikode,673001,Varanasi,221001,2020
1.5,Air,279,Kozhikode,673001,Dehradun,248001,2134
1.5,Surface,158,Kozhikode,673001,Dehradun,248001,2134
1.5,Air,219,Kozhikode,673001,Gairsain,246001,2156
1.5,Surface,140,Kozhikode,673001,Gairsain,246001,2156
1.5,Air,219,Kozhikode,673001,Kolkata,700001,2314
1.5,Surface,158,Kozhikode,673001,Kolkata,700001,2314
1.5,Air,219,Kozhikode,673001,New Delhi,110001,1941
1.5,Surface,140,Kozhikode,673001,New Delhi,110001,1941
1.5,Air,219,Kozhikode,673001,Amaravati,522007,1520
1.5,Surface,140,Kozhikode,673001,Amaravati,522007,1520
1.5,Air,219,Kozhikode,673001,Visakhapatnam,530001,1267
1.5,Surface,140,Kozhikode,673001,Visakhapatnam,530001,1267
1.5,Air,219,Kozhikode,673001,Itanagar,791111,3055
1.5,Surface,158,Kozhikode,673001,Itanagar,791111,3055
0.5,Air,111,Kozhikode,673001,Dispur,781005,2638
0.5,Surface,71,Kozhikode,673001,Dispur,781005,2638
0.5,Air,111,Kozhikode,673001,Patna,800001,2074
0.5,Surface,71,Kozhikode,673001,Patna,800001,2074
0.5,Air,111,Kozhikode,673001,Raipur,492001,1669
0.5,Surface,71,Kozhikode,673001,Raipur,492001,1669
0.5,Air,111,Kozhikode,673001,Panaji,403001,576
0.5,Surface,71,Kozhikode,673001,Panaji,403001,576
3.5,Air,435,Kozhikode,673001,Gandhinagar,382010,1371
3.5,Surface,321,Kozhikode,673001,Gandhinagar,382010,1371
3.5,Air,435,Kozhikode,673001,Ahmedabad,380001,1427
3.5,Surface,321,Kozhikode,673001,Ahmedabad,380001,1427
3.5,Air,435,Kozhikode,673001,Chandigarh,160017,2385
3.5,Surface,277,Kozhikode,673001,Chandigarh,160017,2385
3.5,Air,435,Kozhikode,673001,Shimla,171001,2367
3.5,Surface,277,Kozhikode,673001,Shimla,171001,2367
3.5,Air,435,Kozhikode,673001,Ranchi,834001,1866
3.5,Surface,333,Kozhikode,673001,Ranchi,834001,1866
3.5,Air,435,Kozhikode,673001,Bengaluru,560001,356
3.5,Surface,321,Kozhikode,673001,Bengaluru,560001,356
3.5,Air,281,Kozhikode,673001,Thiruvananthapuram,695001,395
3.5,Surface,182,Kozhikode,673001,Thiruvananthapuram,695001,395
3.5,Air,435,Kozhikode,673001,Bhopal,462001,1681
3.5,Surface,321,Kozhikode,673001,Bhopal,462001,1681
3.5,Air,435,Kozhikode,673001,Indore,452001,1759
3.5,Surface,321,Kozhikode,673001,Indore,452001,1759
3.5,Air,435,Kozhikode,673001,Mumbai,400001,1173
3.5,Surface,321,Kozhikode,673001,Mumbai,400001,1173
7.5,Air,1033,Bhopal,462001,Mumbai,400001,775
7.5,Surface,398,Bhopal,462001,Mumbai,400001,775
7.5,Air,1033,Bhopal,462001,Bangalore,560001,1236
7.5,Surface,398,Bhopal,462001,Bangalore,560001,1236
7.5,Air,1033,Bhopal,462001,Kolkata,700001,1464
7.5,Surface,383,Bhopal,462001,Kolkata,700001,1464
7.5,Air,1033,Bhopal,462001,Chennai,600001,1376
7.5,Surface,398,Bhopal,462001,Chennai,600001,1376
7.5,Air,1033,Bhopal,462001,Hyderabad,500001,808
7.5,Surface,398,Bhopal,462001,Hyderabad,500001,808
7.5,Air,1033,Bhopal,462001,Ahmedabad,380001,586
7.5,Surface,398,Bhopal,462001,Ahmedabad,380001,586
7.5,Air,1033,Bhopal,462001,Pune,411001,814
7.5,Surface,398,Bhopal,462001,Pune,411001,814
7.5,Air,1033,Bhopal,462001,Surat,395001,810
7.5,Surface,398,Bhopal,462001,Surat,395001,810
7.5,Air,1033,Bhopal,462001,Jaipur,302001,596
7.5,Surface,383,Bhopal,462001,Jaipur,302001,596
7.5,Air,1033,Bhopal,462001,Lucknow,226001,669
7.5,Surface,383,Bhopal,462001,Lucknow,226001,669
10,Air,1363,Bhopal,462001,Kanpur,208001,702
10,Surface,398,Bhopal,462001,Kanpur,208001,702
10,Air,1363,Bhopal,462001,Nagpur,440001,352
10,Surface,398,Bhopal,462001,Nagpur,440001,352
10,Air,1363,Bhopal,462001,Visakhapatnam,530001,1232
10,Surface,398,Bhopal,462001,Visakhapatnam,530001,1232
11,Air,1495,Bhopal,462001,Patna,800001,1039
11,Surface,432,Bhopal,462001,Patna,800001,1039
11,Air,1495,Bhopal,462001,Ludhiana,141001,1231
11,Surface,432,Bhopal,462001,Ludhiana,141001,1231
11,Air,1495,Bhopal,462001,Agra,282001,523
11,Surface,432,Bhopal,462001,Agra,282001,523
11,Air,1495,Bhopal,462001,Nashik,422001,604
11,Surface,432,Bhopal,462001,Nashik,422001,604
15,Air,2023,Bhopal,462001,Vadodara,390001,566
15,Surface,561,Bhopal,462001,Vadodara,390001,566
15,Air,2023,Bhopal,462001,Faridabad,121001,719
15,Surface,561,Bhopal,462001,Faridabad,121001,719
15,Air,2023,Bhopal,462001,Ghaziabad,201001,698
15,Surface,561,Bhopal,462001,Ghaziabad,201001,698
15,Air,2023,Bhopal,462001,Rajkot,360001,1007
15,Surface,626,Bhopal,462001,Rajkot,360001,1007
15,Air,2023,Bhopal,462001,Meerut,250001,727
15,Surface,561,Bhopal,462001,Meerut,250001,727
15,Air,2023,Bhopal,462001,Amritsar,143001,1303
15,Surface,561,Bhopal,462001,Amritsar,143001,1303
7,Air,967,Bhopal,462001,Varanasi,221001,765
7,Surface,345,Bhopal,462001,Varanasi,221001,765
7,Air,1191,Bhopal,462001,Srinagar,190001,1607
7,Surface,417,Bhopal,462001,Srinagar,190001,1607
7,Air,967,Bhopal,462001,Aurangabad,431001,609
7,Surface,357,Bhopal,462001,Aurangabad,431001,609
7,Air,967,Bhopal,462001,Dhanbad,826001,1139
7,Surface,345,Bhopal,462001,Dhanbad,826001,1139
7,Air,967,Bhopal,462001,Ranchi,834001,1142
7,Surface,357,Bhopal,462001,Ranchi,834001,1142
7,Air,967,Bhopal,462001,Howrah,711101,1472
7,Surface,345,Bhopal,462001,Howrah,711101,1472
7,Air,967,Bhopal,462001,Coimbatore,641001,1584
7,Surface,345,Bhopal,462001,Coimbatore,641001,1584
7,Air,565,Bhopal,462001,Jabalpur,482001,315
7,Surface,281,Bhopal,462001,Jabalpur,482001,315
7,Air,565,Bhopal,462001,Gwalior,474001,423
7,Surface,272,Bhopal,462001,Gwalior,474001,423
7,Air,967,Bhopal,462001,Raipur,492001,667
7,Surface,345,Bhopal,462001,Raipur,492001,667
5,Air,587,Indore,452001,Hyderabad,500001,870
5,Surface,289,Indore,452001,Hyderabad,500001,870
5,Air,801,Indore,452001,Gangtok,737101,2155
5,Surface,321,Indore,452001,Gangtok,737101,2155
5,Air,587,Indore,452001,Ghandinagar,382010,910
5,Surface,272,Indore,452001,Ghandinagar,382010,910
5,Air,587,Indore,452001,Delhi,110001,810
5,Surface,270,Indore,452001,Delhi,110001,810
5,Air,587,Indore,452001,Dehradun,248001,1160
5,Surface,315,Indore,452001,Dehradun,248001,1160
5,Air,587,Indore,452001,Daman,396210,910
5,Surface,270,Indore,452001,Daman,396210,910
5,Air,587,Indore,452001,Bhubaneswar,751001,1480
5,Surface,270,Indore,452001,Bhubaneswar,751001,1480
5,Air,587,Indore,452001,Jaipur,302001,600
5,Surface,270,Indore,452001,Jaipur,302001,600
5,Air,587,Indore,452001,Kota,324001,570
5,Surface,270,Indore,452001,Kota,324001,570
5,Air,801,Indore,452001,Gangtok,737101,2155
5,Surface,321,Indore,452001,Gangtok,737101,2155
5,Air,587,Indore,452001,Chennai,600001,1560
5,Surface,334,Indore,452001,Chennai,600001,1560
6.5,Air,901,Indore,452001,Coimbatore,641001,1740
6.5,Surface,345,Indore,452001,Coimbatore,641001,1740
6.5,Air,901,Indore,452001,Hyderabad,500001,870
6.5,Surface,391,Indore,452001,Hyderabad,500001,870
6.5,Air,1092,Indore,452001,Agartala,799001,2900
6.5,Surface,425,Indore,452001,Agartala,799001,2900
6.5,Air,901,Indore,452001,Lucknow,226001,780
6.5,Surface,345,Indore,452001,Lucknow,226001,780
6.5,Air,901,Indore,452001,Kanpur,208001,820
6.5,Surface,345,Indore,452001,Kanpur,208001,820
6.5,Air,901,Indore,452001,Varanasi,221001,1050
6.5,Surface,345,Indore,452001,Varanasi,221001,1050
6.5,Air,901,Indore,452001,Dehradun,248001,1160
6.5,Surface,395,Indore,452001,Dehradun,248001,1160
6.5,Air,901,Indore,452001,Gairsain,246001,1200
6.5,Surface,434,Indore,452001,Gairsain,246001,1200
6.5,Air,901,Indore,452001,Kolkata,700001,1500
6.5,Surface,345,Indore,452001,Kolkata,700001,1500
6.5,Air,901,Indore,452001,New Delhi,110001,810
6.5,Surface,345,Indore,452001,New Delhi,110001,810
5.5,Air,769,Indore,452001,Amaravati,522007,1050
5.5,Surface,308,Indore,452001,Amaravati,522007,1050
5.5,Air,769,Indore,452001,Visakhapatnam,530001,1230
5.5,Surface,314,Indore,452001,Visakhapatnam,530001,1230
5.5,Air,933,Indore,452001,Itanagar,791111,2700
5.5,Surface,414,Indore,452001,Itanagar,791111,2700
5.5,Air,933,Indore,452001,Dispur,781005,1900
5.5,Surface,378,Indore,452001,Dispur,781005,1900
5.5,Air,769,Indore,452001,Patna,800001,1000
5.5,Surface,308,Indore,452001,Patna,800001,1000
5.5,Air,769,Indore,452001,Raipur,492001,900
5.5,Surface,308,Indore,452001,Raipur,492001,900
5.5,Air,769,Indore,452001,Panaji,403001,1200
5.5,Surface,308,Indore,452001,Panaji,403001,1200
5.5,Air,769,Indore,452001,Gandhinagar,382010,910
5.5,Surface,314,Indore,452001,Gandhinagar,382010,910
5.5,Air,769,Indore,452001,Ahmedabad,380001,870
5.5,Surface,314,Indore,452001,Ahmedabad,380001,870
5.5,Air,769,Indore,452001,Chandigarh,160017,1100
5.5,Surface,308,Indore,452001,Chandigarh,160017,1100
5.5,Air,933,Indore,452001,Shimla,171001,1140
5.5,Surface,373,Indore,452001,Shimla,171001,1140
5.5,Air,769,Indore,452001,Ranchi,834001,1200
5.5,Surface,314,Indore,452001,Ranchi,834001,1200
5.5,Air,769,Indore,452001,Bengaluru,560001,1400
5.5,Surface,340,Indore,452001,Bengaluru,560001,1400
5.5,Air,933,Indore,452001,Thiruvananthapuram,695001,2200
5.5,Surface,378,Indore,452001,Thiruvananthapuram,695001,2200
5.5,Air,933,Indore,452001,Kozhikode,673001,1750
5.5,Surface,378,Indore,452001,Kozhikode,673001,1750
5.5,Air,453,Indore,452001,Bhopal,462001,186
5.5,Surface,266,Indore,452001,Bhopal,462001,186
5.5,Air,769,Indore,452001,Mumbai,400001,590
5.5,Surface,340,Indore,452001,Mumbai,400001,590
5.5,Air,769,Indore,452001,Pune,411001,620
5.5,Surface,340,Indore,452001,Pune,411001,620
5.5,Air,769,Indore,452001,Nagpur,440001,450
5.5,Surface,308,Indore,452001,Nagpur,440001,450
5.5,Air,933,Indore,452001,Shillong,793001,2100
5.5,Surface,378,Indore,452001,Shillong,793001,2100
2,Air,253,Hyderabad,500001,Amaravati,522002,272
2,Surface,164,Hyderabad,500001,Amaravati,522002,272
7,Air,967,Hyderabad,500001,Visakhapatnam,530001,621
7,Surface,357,Hyderabad,500001,Visakhapatnam,530001,621
9,Air,1519,Hyderabad,500001,Itanagar,791111,2048
9,Surface,425,Hyderabad,500001,Itanagar,791111,2048
5,Air,801,Hyderabad,500001,Dispur,781005,1782
5,Surface,321,Hyderabad,500001,Dispur,781005,1782
8,Air,1099,Hyderabad,500001,Patna,800001,1383
8,Surface,398,Hyderabad,500001,Patna,800001,1383
3,Air,353,Hyderabad,500001,Raipur,492001,577
3,Surface,229,Hyderabad,500001,Raipur,492001,577
11,Air,1495,Hyderabad,500001,Panaji,403001,637
11,Surface,432,Hyderabad,500001,Panaji,403001,637
15,Air,2023,Hyderabad,500001,Gandhinagar,382010,1204
15,Surface,626,Hyderabad,500001,Gandhinagar,382010,1204
15,Air,2023,Hyderabad,500001,Ahmedabad,380001,1042
15,Surface,626,Hyderabad,500001,Ahmedabad,380001,1042
1,Air,151,Hyderabad,500001,Chandigarh,160017,1809
2,Surface,164,Hyderabad,500001,Chandigarh,160017,1809
3,Air,381,Hyderabad,500001,Shimla,171001,2006
4,Surface,312,Hyderabad,500001,Shimla,171001,2006
5,Air,587,Hyderabad,500001,Ranchi,834001,1174
6,Surface,314,Hyderabad,500001,Ranchi,834001,1174
7,Air,967,Hyderabad,500001,Bengaluru,560001,569
8,Surface,398,Hyderabad,500001,Bengaluru,560001,569
9,Air,1519,Hyderabad,500001,Thiruvananthapuram,695001,1166
10,Surface,425,Hyderabad,500001,Thiruvananthapuram,695001,1166
11,Air,1847,Hyderabad,500001,Kozhikode,673001,1008
12,Surface,501,Hyderabad,500001,Kozhikode,673001,1008
13,Air,1759,Hyderabad,500001,Bhopal,462001,810
14,Surface,670,Hyderabad,500001,Bhopal,462001,810
15,Air,2023,Hyderabad,500001,Indore,452001,678
16,Surface,668,Hyderabad,500001,Indore,452001,678
17,Air,2287,Hyderabad,500001,Mumbai,400001,711
18,Surface,668,Hyderabad,500001,Mumbai,400001,711
19,Air,2551,Hyderabad,500001,Pune,411001,545
20,Surface,668,Hyderabad,500001,Pune,411001,545
21,Air,2815,Hyderabad,500001,Nagpur,440001,501
22,Surface,796,Hyderabad,500001,Nagpur,440001,501
25,Air,4143,Hyderabad,500001,Shillong,793001,2039
26,Surface,1022,Hyderabad,500001,Shillong,793001,2039
27,Air,4808,Hyderabad,500001,Aizawl,796001,2303
28,Surface,1095,Hyderabad,500001,Aizawl,796001,2303
31,Air,4298,Hyderabad,500001,Bhubaneswar,751001,1056
32,Surface,1593,Hyderabad,500001,Bhubaneswar,751001,1056
1,Air,151,Hyderabad,500001,Jaipur,302001,1169
2,Surface,164,Hyderabad,500001,Jaipur,302001,1169
3,Air,353,Hyderabad,500001,Kota,324001,1080
4,Surface,272,Hyderabad,500001,Kota,324001,1080
5,Air,801,Hyderabad,500001,Gangtok,737101,2050
6,Surface,378,Hyderabad,500001,Gangtok,737101,2050
7,Air,697,Hyderabad,500001,Chennai,600001,627
8,Surface,398,Hyderabad,500001,Chennai,600001,627
9,Air,1231,Hyderabad,500001,Coimbatore,641001,1004
10,Surface,398,Hyderabad,500001,Coimbatore,641001,1004
11,Air,1847,Hyderabad,500001,Agartala,799001,2222
12,Surface,501,Hyderabad,500001,Agartala,799001,2222
13,Air,1759,Hyderabad,500001,Lucknow,226001,1292
14,Surface,584,Hyderabad,500001,Lucknow,226001,1292
15,Air,2023,Hyderabad,500001,Kanpur,208001,1308
16,Surface,668,Hyderabad,500001,Kanpur,208001,1308
17,Air,2287,Hyderabad,500001,Varanasi,221001,1422
18,Surface,668,Hyderabad,500001,Varanasi,221001,1422
19,Air,2551,Hyderabad,500001,Dehradun,248001,1710
20,Surface,668,Hyderabad,500001,Dehradun,248001,1710
21,Air,2815,Hyderabad,500001,Gairsain,246429,1846
22,Surface,886,Hyderabad,500001,Gairsain,246429,1846
23,Air,3343,Hyderabad,500001,Kolkata,700001,1479
24,Surface,842,Hyderabad,500001,Kolkata,700001,1479
25,Air,3748,Hyderabad,500001,New Delhi,110001,1404
26,Surface,900,Hyderabad,500001,New Delhi,110001,1404
1,Air,165,Shillong,793001,Amaravati,522002,2048
2,Surface,175,Shillong,793001,Amaravati,522002,2048
3,Air,381,Shillong,793001,Visakhapatnam,530001,1621
4,Surface,489,Shillong,793001,Visakhapatnam,530001,1621
5,Air,854,Shillong,793001,Itanagar,791111,481
6,Surface,448,Shillong,793001,Itanagar,791111,481
7,Air,1171,Shillong,793001,Dispur,781005,100
8,Surface,532,Shillong,793001,Dispur,781005,100
9,Air,1519,Shillong,793001,Patna,800001,1139
10,Surface,545,Shillong,793001,Patna,800001,1139
11,Air,1847,Shillong,793001,Raipur,492001,1208
12,Surface,630,Shillong,793001,Raipur,492001,1208
13,Air,2175,Shillong,793001,Panaji,403001,2414
14,Surface,728,Shillong,793001,Panaji,403001,2414
15,Air,2503,Shillong,793001,Gandhinagar,382010,2200
16,Surface,824,Shillong,793001,Gandhinagar,382010,2200
17,Air,2831,Shillong,793001,Ahmedabad,380001,2136
18,Surface,917,Shillong,793001,Ahmedabad,380001,2136
19,Air,3159,Shillong,793001,Chandigarh,160017,2047
20,Surface,945,Shillong,793001,Chandigarh,160017,2047
21,Air,3487,Shillong,793001,Shimla,171001,2031
22,Surface,1033,Shillong,793001,Shimla,171001,2031
23,Air,3815,Shillong,793001,Ranchi,834001,1029
24,Surface,1119,Shillong,793001,Ranchi,834001,1029
25,Air,4143,Shillong,793001,Bengaluru,560001,2643
0.5,Surface,71,Shillong,793001,Bengaluru,560001,2643
1,Air,165,Shillong,793001,Thiruvananthapuram,695001,3008
2,Surface,175,Shillong,793001,Thiruvananthapuram,695001,3008
3,Air,381,Shillong,793001,Kozhikode,673001,2787
4,Surface,312,Shillong,793001,Kozhikode,673001,2787
1,Air,165,Shillong,793001,Bhopal,462001,2045
2,Surface,175,Shillong,793001,Bhopal,462001,2045
3,Air,381,Shillong,793001,Indore,452001,2044
4,Surface,312,Shillong,793001,Indore,452001,2044
5,Air,863,Shillong,793001,Mumbai,400001,2430
6,Surface,378,Shillong,793001,Mumbai,400001,2430
4,Air,489,Shillong,793001,Pune,411001,2166
7,Surface,435,Shillong,793001,Pune,411001,2166
8,Air,1355,Shillong,793001,Nagpur,440001,1896
9,Surface,516,Shillong,793001,Nagpur,440001,1896
12,Air,2011,Shillong,793001,Aizawl,796001,135
13,Surface,848,Shillong,793001,Aizawl,796001,135
14,Air,2339,Shillong,793001,Kohima,797001,245
15,Surface,961,Shillong,793001,Kohima,797001,245
16,Air,2667,Shillong,793001,Bhubaneswar,751001,1109
17,Surface,876,Shillong,793001,Bhubaneswar,751001,1109
18,Air,2995,Shillong,793001,Jaipur,302001,2029
19,Surface,945,Shillong,793001,Jaipur,302001,2029
20,Air,3323,Shillong,793001,Kota,324001,1918
21,Surface,989,Shillong,793001,Kota,324001,1918
22,Air,3651,Shillong,793001,Gangtok,737101,586
23,Surface,1410,Shillong,793001,Gangtok,737101,586
4,Air,489,Shillong,793001,Chennai,600001,2679
5,Surface,973,Shillong,793001,Chennai,600001,2679
6,Air,1012,Shillong,793001,Coimbatore,641001,3004
7,Surface,427,Shillong,793001,Coimbatore,641001,3004
8,Air,1355,Shillong,793001,Hyderabad,500001,1993
9,Surface,532,Shillong,793001,Hyderabad,500001,1993
10,Air,1683,Shillong,793001,Agartala,799001,577
11,Surface,736,Shillong,793001,Agartala,799001,577
12,Air,2011,Shillong,793001,Lucknow,226001,1307
13,Surface,679,Shillong,793001,Lucknow,226001,1307
14,Air,2339,Shillong,793001,Kanpur,208001,1283
15,Surface,777,Shillong,793001,Kanpur,208001,1283
16,Air,2667,Shillong,793001,Varanasi,221001,1276
17,Surface,870,Shillong,793001,Varanasi,221001,1276
5,Air,854,Shillong,793001,Dehradun,248001,1876
4,Surface,312,Shillong,793001,Dehradun,248001,1876